Issue ID,Description,State,Severity,Story Points,Project Path,Location Kind,Path,Line,Column,Incident ID,Help Link,Assembly Name,Assembly Version,Assembly Public Key,Snippet
NuGet.0002,NuGet package upgrade is recommended,Active,Potential,1,src\RevolutionaryStuff.ApiCore\RevolutionaryStuff.ApiCore.csproj,File,src\RevolutionaryStuff.ApiCore\RevolutionaryStuff.ApiCore.csproj,,,Microsoft.Extensions.Hosting 9.0.9,,,,,"Microsoft.Extensions.Hosting, 9.0.9  Recommendation:  Remove Microsoft.Extensions.Hosting, and replace with new package Microsoft.Extensions.Hosting 10.0.2"
NuGet.0002,NuGet package upgrade is recommended,Active,Potential,1,src\RevolutionaryStuff.ApiCore\RevolutionaryStuff.ApiCore.csproj,File,src\RevolutionaryStuff.ApiCore\RevolutionaryStuff.ApiCore.csproj,,,Microsoft.AspNetCore.OpenApi 9.0.9,,,,,"Microsoft.AspNetCore.OpenApi, 9.0.9  Recommendation:  Remove Microsoft.AspNetCore.OpenApi, and replace with new package Microsoft.AspNetCore.OpenApi 10.0.2"
NuGet.0002,NuGet package upgrade is recommended,Active,Potential,1,src\RevolutionaryStuff.ApiCore\RevolutionaryStuff.ApiCore.csproj,File,src\RevolutionaryStuff.ApiCore\RevolutionaryStuff.ApiCore.csproj,,,Microsoft.Extensions.Http.Resilience 9.9.0,,,,,"Microsoft.Extensions.Http.Resilience, 9.9.0  Recommendation:  Remove Microsoft.Extensions.Http.Resilience, and replace with new package Microsoft.Extensions.Http.Resilience 10.2.0"
NuGet.0002,NuGet package upgrade is recommended,Active,Potential,1,src\RevolutionaryStuff.ApiCore\RevolutionaryStuff.ApiCore.csproj,File,src\RevolutionaryStuff.ApiCore\RevolutionaryStuff.ApiCore.csproj,,,Microsoft.Extensions.ServiceDiscovery 9.4.2,,,,,"Microsoft.Extensions.ServiceDiscovery, 9.4.2  Recommendation:  Remove Microsoft.Extensions.ServiceDiscovery, and replace with new package Microsoft.Extensions.ServiceDiscovery 10.2.0"
NuGet.0002,NuGet package upgrade is recommended,Active,Potential,1,src\RevolutionaryStuff.ApiCore\RevolutionaryStuff.ApiCore.csproj,File,src\RevolutionaryStuff.ApiCore\RevolutionaryStuff.ApiCore.csproj,,,OpenTelemetry.Instrumentation.AspNetCore 1.12.0,,,,,"OpenTelemetry.Instrumentation.AspNetCore, 1.12.0  Recommendation:  Remove OpenTelemetry.Instrumentation.AspNetCore, and replace with new package OpenTelemetry.Instrumentation.AspNetCore 1.15.0"
NuGet.0002,NuGet package upgrade is recommended,Active,Potential,1,src\RevolutionaryStuff.ApiCore\RevolutionaryStuff.ApiCore.csproj,File,src\RevolutionaryStuff.ApiCore\RevolutionaryStuff.ApiCore.csproj,,,OpenTelemetry.Instrumentation.Http 1.12.0,,,,,"OpenTelemetry.Instrumentation.Http, 1.12.0  Recommendation:  Remove OpenTelemetry.Instrumentation.Http, and replace with new package OpenTelemetry.Instrumentation.Http 1.15.0"
Project.0002,Project's target framework(s) needs to be changed,Active,Mandatory,1,src\RevolutionaryStuff.ApiCore\RevolutionaryStuff.ApiCore.csproj,File,src\RevolutionaryStuff.ApiCore\RevolutionaryStuff.ApiCore.csproj,,,,,,,,Current target framework: net9.0 Recommended target framework: net10.0
Api.0003,Behavioral change in selected .NET version,Active,Potential,1,src\RevolutionaryStuff.ApiCore\RevolutionaryStuff.ApiCore.csproj,File,src\RevolutionaryStuff.ApiCore\Startup\ApiProgram.cs,232,8,M:Microsoft.AspNetCore.Builder.ExceptionHandlerExtensions.UseExceptionHandler(Microsoft.AspNetCore.Builder.IApplicationBuilder),,,,,app.UseExceptionHandler();
Api.0003,Behavioral change in selected .NET version,Active,Potential,1,src\RevolutionaryStuff.ApiCore\RevolutionaryStuff.ApiCore.csproj,File,src\RevolutionaryStuff.ApiCore\Startup\ApiProgram.cs,62,8,M:Microsoft.Extensions.Logging.ConsoleLoggerExtensions.AddConsole(Microsoft.Extensions.Logging.ILoggingBuilder),,,,,loggingBuilder.AddConsole();
Api.0003,Behavioral change in selected .NET version,Active,Potential,1,src\RevolutionaryStuff.ApiCore\RevolutionaryStuff.ApiCore.csproj,File,src\RevolutionaryStuff.ApiCore\Services\ServerInfoFinders\ServerInfoFinder.cs,32,8,P:System.Environment.OSVersion,,,,,"return new ServerInfo()          {              ApplicationStartedAt = Stuff.ApplicationStartedAt,              ApplicationInstanceId = Stuff.ApplicationInstanceId,              MachineName = Environment.MachineName,              ServerTime = DateTimeOffset.UtcNow,              OperatingSystemVersion = new(Environment.OSVersion),              Is64BitOperatingSystem = Environment.Is64BitOperatingSystem,              Is64BitProcess = Environment.IsPrivilegedProcess,              EntryPointAssembly = Assembly.GetEntryAssembly()?.FullName,              ApplicationName = _applicationNameFinder.ApplicationName,              EnvironmentName = _hostEnvironment.EnvironmentName,              EnvironmentVariables = environmentVariables?.AsReadOnlyDictionary(),              Configs = configs?.AsReadOnlyDictionary(),              TargetFramework = AppDomain.CurrentDomain?.SetupInformation?.TargetFrameworkName          };"
NuGet.0002,NuGet package upgrade is recommended,Active,Potential,1,src\RevolutionaryStuff.AspNetCore\RevolutionaryStuff.AspNetCore.csproj,File,src\RevolutionaryStuff.AspNetCore\RevolutionaryStuff.AspNetCore.csproj,,,Microsoft.AspNetCore.OpenApi 9.0.9,,,,,"Microsoft.AspNetCore.OpenApi, 9.0.9  Recommendation:  Remove Microsoft.AspNetCore.OpenApi, and replace with new package Microsoft.AspNetCore.OpenApi 10.0.2"
Project.0002,Project's target framework(s) needs to be changed,Active,Mandatory,1,src\RevolutionaryStuff.AspNetCore\RevolutionaryStuff.AspNetCore.csproj,File,src\RevolutionaryStuff.AspNetCore\RevolutionaryStuff.AspNetCore.csproj,,,,,,,,Current target framework: net9.0 Recommended target framework: net10.0
Project.0002,Project's target framework(s) needs to be changed,Active,Mandatory,1,src\RevolutionaryStuff.Azure\RevolutionaryStuff.Azure.csproj,File,src\RevolutionaryStuff.Azure\RevolutionaryStuff.Azure.csproj,,,,,,,,Current target framework: net9.0 Recommended target framework: net10.0
Api.0002,Source incompatible for selected .NET version,Active,Potential,1,src\RevolutionaryStuff.Azure\RevolutionaryStuff.Azure.csproj,File,src\RevolutionaryStuff.Azure\Services\Messaging\Inbound\InboundMessage.cs,137,4,T:System.BinaryData,,,,,"private InboundMessage(          BinaryData binaryData,          string contentType,          string messageId,          IEnumerable<KeyValuePair<string, object>> properties,          long sequenceNumber,          string correlationId,          DateTimeOffset enqueuedTime,          string subject,          bool messageRetrievedFromStorage = false)      {          I = this;          SequenceNumber = sequenceNumber;          BinaryData = binaryData;          ContentType = contentType;          MessageId = messageId;          if (properties.NullSafeAny())          {              PropertiesField = new Dictionary<string, object>(properties);          }          CorrelationId = correlationId ?? string.Empty;          EnqueuedTime = enqueuedTime;          SubjectField = subject;          MessageRetrievedFromStorage = messageRetrievedFromStorage;      }"
Api.0002,Source incompatible for selected .NET version,Active,Potential,1,src\RevolutionaryStuff.Azure\RevolutionaryStuff.Azure.csproj,File,src\RevolutionaryStuff.Azure\Services\Messaging\Inbound\InboundMessage.cs,150,8,T:System.BinaryData,,,,,BinaryData = binaryData;
Api.0002,Source incompatible for selected .NET version,Active,Potential,1,src\RevolutionaryStuff.Azure\RevolutionaryStuff.Azure.csproj,File,src\RevolutionaryStuff.Azure\Services\Messaging\Inbound\InboundMessage.cs,125,12,T:System.BinaryData,,,,,sbrm.Body
Api.0002,Source incompatible for selected .NET version,Active,Potential,1,src\RevolutionaryStuff.Azure\RevolutionaryStuff.Azure.csproj,File,src\RevolutionaryStuff.Azure\Services\Messaging\Inbound\InboundMessage.cs,113,12,T:System.BinaryData,,,,,new BinaryData(messageBody)
Api.0002,Source incompatible for selected .NET version,Active,Potential,1,src\RevolutionaryStuff.Azure\RevolutionaryStuff.Azure.csproj,File,src\RevolutionaryStuff.Azure\Services\Messaging\Inbound\InboundMessage.cs,113,12,M:System.BinaryData.#ctor(System.String),,,,,new BinaryData(messageBody)
Api.0002,Source incompatible for selected .NET version,Active,Potential,1,src\RevolutionaryStuff.Azure\RevolutionaryStuff.Azure.csproj,File,src\RevolutionaryStuff.Azure\Services\Messaging\Inbound\InboundMessage.cs,93,12,T:System.BinaryData,,,,,new BinaryData(messageBody)
Api.0002,Source incompatible for selected .NET version,Active,Potential,1,src\RevolutionaryStuff.Azure\RevolutionaryStuff.Azure.csproj,File,src\RevolutionaryStuff.Azure\Services\Messaging\Inbound\InboundMessage.cs,93,12,M:System.BinaryData.#ctor(System.Byte[]),,,,,new BinaryData(messageBody)
Api.0002,Source incompatible for selected .NET version,Active,Potential,1,src\RevolutionaryStuff.Azure\RevolutionaryStuff.Azure.csproj,File,src\RevolutionaryStuff.Azure\Services\Messaging\Inbound\InboundMessage.cs,32,33,T:System.BinaryData,,,,,BinaryData
Api.0002,Source incompatible for selected .NET version,Active,Potential,1,src\RevolutionaryStuff.Azure\RevolutionaryStuff.Azure.csproj,File,src\RevolutionaryStuff.Azure\Services\Messaging\Inbound\InboundMessage.cs,32,33,M:System.BinaryData.ToString,,,,,BinaryData.ToString()
Api.0002,Source incompatible for selected .NET version,Active,Potential,1,src\RevolutionaryStuff.Azure\RevolutionaryStuff.Azure.csproj,File,src\RevolutionaryStuff.Azure\Services\Messaging\Inbound\InboundMessage.cs,26,33,T:System.BinaryData,,,,,BinaryData
Api.0002,Source incompatible for selected .NET version,Active,Potential,1,src\RevolutionaryStuff.Azure\RevolutionaryStuff.Azure.csproj,File,src\RevolutionaryStuff.Azure\Services\Messaging\Inbound\InboundMessage.cs,26,33,M:System.BinaryData.ToStream,,,,,BinaryData.ToStream()
Api.0002,Source incompatible for selected .NET version,Active,Potential,1,src\RevolutionaryStuff.Azure\RevolutionaryStuff.Azure.csproj,File,src\RevolutionaryStuff.Azure\Services\Messaging\Inbound\InboundMessage.cs,8,32,T:System.BinaryData,,,,,BinaryData
Api.0002,Source incompatible for selected .NET version,Active,Potential,1,src\RevolutionaryStuff.Azure\RevolutionaryStuff.Azure.csproj,File,src\RevolutionaryStuff.Azure\Services\Messaging\Inbound\InboundMessage.cs,137,4,T:System.BinaryData,,,,,"private InboundMessage(          BinaryData binaryData,          string contentType,          string messageId,          IEnumerable<KeyValuePair<string, object>> properties,          long sequenceNumber,          string correlationId,          DateTimeOffset enqueuedTime,          string subject,          bool messageRetrievedFromStorage = false)      {          I = this;          SequenceNumber = sequenceNumber;          BinaryData = binaryData;          ContentType = contentType;          MessageId = messageId;          if (properties.NullSafeAny())          {              PropertiesField = new Dictionary<string, object>(properties);          }          CorrelationId = correlationId ?? string.Empty;          EnqueuedTime = enqueuedTime;          SubjectField = subject;          MessageRetrievedFromStorage = messageRetrievedFromStorage;      }"
Api.0002,Source incompatible for selected .NET version,Active,Potential,1,src\RevolutionaryStuff.Azure\RevolutionaryStuff.Azure.csproj,File,src\RevolutionaryStuff.Azure\Services\Messaging\Inbound\InboundMessage.cs,150,8,T:System.BinaryData,,,,,BinaryData = binaryData;
Api.0002,Source incompatible for selected .NET version,Active,Potential,1,src\RevolutionaryStuff.Azure\RevolutionaryStuff.Azure.csproj,File,src\RevolutionaryStuff.Azure\Services\Messaging\Outbound\ServiceBus\ServiceBusMessageSender.cs,109,8,T:System.BinaryData,,,,,serviceBusMessage = outboundMessage.Size >= config.MaxPayloadSize              ? await OnCreateOversizeMessageAsync(outboundMessage)              : new ServiceBusMessage(new BinaryData(await outboundMessage.Payload.ToBufferAsync()));
Api.0002,Source incompatible for selected .NET version,Active,Potential,1,src\RevolutionaryStuff.Azure\RevolutionaryStuff.Azure.csproj,File,src\RevolutionaryStuff.Azure\Services\Messaging\Outbound\ServiceBus\ServiceBusMessageSender.cs,109,8,M:System.BinaryData.#ctor(System.Byte[]),,,,,serviceBusMessage = outboundMessage.Size >= config.MaxPayloadSize              ? await OnCreateOversizeMessageAsync(outboundMessage)              : new ServiceBusMessage(new BinaryData(await outboundMessage.Payload.ToBufferAsync()));
Api.0003,Behavioral change in selected .NET version,Active,Potential,1,src\RevolutionaryStuff.Azure\RevolutionaryStuff.Azure.csproj,File,src\RevolutionaryStuff.Azure\KeyVaultHelpers.cs,35,8,T:System.Uri,,,,,"return new SecretClient(new(authenticationSettings.KeyVaultUrl), creds);"
Api.0003,Behavioral change in selected .NET version,Active,Potential,1,src\RevolutionaryStuff.Azure\RevolutionaryStuff.Azure.csproj,File,src\RevolutionaryStuff.Azure\KeyVaultHelpers.cs,35,8,M:System.Uri.#ctor(System.String),,,,,"return new SecretClient(new(authenticationSettings.KeyVaultUrl), creds);"
Project.0002,Project's target framework(s) needs to be changed,Active,Mandatory,1,src\revolutionarystuff.com\revolutionarystuff.com.csproj,File,src\revolutionarystuff.com\revolutionarystuff.com.csproj,,,,,,,,Current target framework: net9.0 Recommended target framework: net10.0
Api.0003,Behavioral change in selected .NET version,Active,Potential,1,src\revolutionarystuff.com\revolutionarystuff.com.csproj,File,src\revolutionarystuff.com\Program.cs,16,12,"M:Microsoft.AspNetCore.Builder.ExceptionHandlerExtensions.UseExceptionHandler(Microsoft.AspNetCore.Builder.IApplicationBuilder,System.String)",,,,,"app.UseExceptionHandler(""/Error"");"
NuGet.0002,NuGet package upgrade is recommended,Active,Potential,1,src\RevolutionaryStuff.Core\RevolutionaryStuff.Core.csproj,File,src\RevolutionaryStuff.Core\RevolutionaryStuff.Core.csproj,,,Microsoft.Extensions.Configuration.EnvironmentVariables 9.0.9,,,,,"Microsoft.Extensions.Configuration.EnvironmentVariables, 9.0.9  Recommendation:  Remove Microsoft.Extensions.Configuration.EnvironmentVariables, and replace with new package Microsoft.Extensions.Configuration.EnvironmentVariables 10.0.2"
NuGet.0002,NuGet package upgrade is recommended,Active,Potential,1,src\RevolutionaryStuff.Core\RevolutionaryStuff.Core.csproj,File,src\RevolutionaryStuff.Core\RevolutionaryStuff.Core.csproj,,,Microsoft.Extensions.Configuration.Json 9.0.9,,,,,"Microsoft.Extensions.Configuration.Json, 9.0.9  Recommendation:  Remove Microsoft.Extensions.Configuration.Json, and replace with new package Microsoft.Extensions.Configuration.Json 10.0.2"
NuGet.0002,NuGet package upgrade is recommended,Active,Potential,1,src\RevolutionaryStuff.Core\RevolutionaryStuff.Core.csproj,File,src\RevolutionaryStuff.Core\RevolutionaryStuff.Core.csproj,,,Microsoft.Extensions.Configuration.UserSecrets 9.0.9,,,,,"Microsoft.Extensions.Configuration.UserSecrets, 9.0.9  Recommendation:  Remove Microsoft.Extensions.Configuration.UserSecrets, and replace with new package Microsoft.Extensions.Configuration.UserSecrets 10.0.2"
NuGet.0002,NuGet package upgrade is recommended,Active,Potential,1,src\RevolutionaryStuff.Core\RevolutionaryStuff.Core.csproj,File,src\RevolutionaryStuff.Core\RevolutionaryStuff.Core.csproj,,,Microsoft.Extensions.Hosting.Abstractions 9.0.9,,,,,"Microsoft.Extensions.Hosting.Abstractions, 9.0.9  Recommendation:  Remove Microsoft.Extensions.Hosting.Abstractions, and replace with new package Microsoft.Extensions.Hosting.Abstractions 10.0.2"
NuGet.0002,NuGet package upgrade is recommended,Active,Potential,1,src\RevolutionaryStuff.Core\RevolutionaryStuff.Core.csproj,File,src\RevolutionaryStuff.Core\RevolutionaryStuff.Core.csproj,,,Microsoft.Extensions.Http 9.0.9,,,,,"Microsoft.Extensions.Http, 9.0.9  Recommendation:  Remove Microsoft.Extensions.Http, and replace with new package Microsoft.Extensions.Http 10.0.2"
NuGet.0002,NuGet package upgrade is recommended,Active,Potential,1,src\RevolutionaryStuff.Core\RevolutionaryStuff.Core.csproj,File,src\RevolutionaryStuff.Core\RevolutionaryStuff.Core.csproj,,,Microsoft.Extensions.Logging.Console 9.0.9,,,,,"Microsoft.Extensions.Logging.Console, 9.0.9  Recommendation:  Remove Microsoft.Extensions.Logging.Console, and replace with new package Microsoft.Extensions.Logging.Console 10.0.2"
NuGet.0002,NuGet package upgrade is recommended,Active,Potential,1,src\RevolutionaryStuff.Core\RevolutionaryStuff.Core.csproj,File,src\RevolutionaryStuff.Core\RevolutionaryStuff.Core.csproj,,,System.IO.Hashing 9.0.11,,,,,"System.IO.Hashing, 9.0.11  Recommendation:  Remove System.IO.Hashing, and replace with new package System.IO.Hashing 10.0.2"
Project.0002,Project's target framework(s) needs to be changed,Active,Mandatory,1,src\RevolutionaryStuff.Core\RevolutionaryStuff.Core.csproj,File,src\RevolutionaryStuff.Core\RevolutionaryStuff.Core.csproj,,,,,,,,Current target framework: net9.0 Recommended target framework: net10.0
Api.0002,Source incompatible for selected .NET version,Active,Potential,1,src\RevolutionaryStuff.Core\RevolutionaryStuff.Core.csproj,File,src\RevolutionaryStuff.Core\Crypto\Hash.cs,159,8,T:System.IO.Hashing.Crc32,,,,,"RegisterHashAlgorithmCreator(() => new Crc32(), CommonHashAlgorithmNames.NonCryptographicHashAlgorithms.Crc.Crc32);"
Api.0002,Source incompatible for selected .NET version,Active,Potential,1,src\RevolutionaryStuff.Core\RevolutionaryStuff.Core.csproj,File,src\RevolutionaryStuff.Core\Crypto\Hash.cs,159,8,M:System.IO.Hashing.Crc32.#ctor,,,,,"RegisterHashAlgorithmCreator(() => new Crc32(), CommonHashAlgorithmNames.NonCryptographicHashAlgorithms.Crc.Crc32);"
Api.0002,Source incompatible for selected .NET version,Active,Potential,1,src\RevolutionaryStuff.Core\RevolutionaryStuff.Core.csproj,File,src\RevolutionaryStuff.Core\Crypto\Hash.cs,158,8,T:System.IO.Hashing.XxHash128,,,,,"RegisterHashAlgorithmCreator(() => new XxHash128(), CommonHashAlgorithmNames.NonCryptographicHashAlgorithms.XxHash.XxHash128);"
Api.0002,Source incompatible for selected .NET version,Active,Potential,1,src\RevolutionaryStuff.Core\RevolutionaryStuff.Core.csproj,File,src\RevolutionaryStuff.Core\Crypto\Hash.cs,158,8,M:System.IO.Hashing.XxHash128.#ctor,,,,,"RegisterHashAlgorithmCreator(() => new XxHash128(), CommonHashAlgorithmNames.NonCryptographicHashAlgorithms.XxHash.XxHash128);"
Api.0002,Source incompatible for selected .NET version,Active,Potential,1,src\RevolutionaryStuff.Core\RevolutionaryStuff.Core.csproj,File,src\RevolutionaryStuff.Core\Crypto\Hash.cs,157,8,T:System.IO.Hashing.XxHash64,,,,,"RegisterHashAlgorithmCreator(() => new XxHash64(), CommonHashAlgorithmNames.NonCryptographicHashAlgorithms.XxHash.XxHash64);"
Api.0002,Source incompatible for selected .NET version,Active,Potential,1,src\RevolutionaryStuff.Core\RevolutionaryStuff.Core.csproj,File,src\RevolutionaryStuff.Core\Crypto\Hash.cs,157,8,M:System.IO.Hashing.XxHash64.#ctor,,,,,"RegisterHashAlgorithmCreator(() => new XxHash64(), CommonHashAlgorithmNames.NonCryptographicHashAlgorithms.XxHash.XxHash64);"
Api.0002,Source incompatible for selected .NET version,Active,Potential,1,src\RevolutionaryStuff.Core\RevolutionaryStuff.Core.csproj,File,src\RevolutionaryStuff.Core\Crypto\Hash.cs,156,8,T:System.IO.Hashing.XxHash32,,,,,"RegisterHashAlgorithmCreator(() => new XxHash32(), CommonHashAlgorithmNames.NonCryptographicHashAlgorithms.XxHash.XxHash32);"
Api.0002,Source incompatible for selected .NET version,Active,Potential,1,src\RevolutionaryStuff.Core\RevolutionaryStuff.Core.csproj,File,src\RevolutionaryStuff.Core\Crypto\Hash.cs,156,8,M:System.IO.Hashing.XxHash32.#ctor,,,,,"RegisterHashAlgorithmCreator(() => new XxHash32(), CommonHashAlgorithmNames.NonCryptographicHashAlgorithms.XxHash.XxHash32);"
Api.0002,Source incompatible for selected .NET version,Active,Potential,1,src\RevolutionaryStuff.Core\RevolutionaryStuff.Core.csproj,File,src\RevolutionaryStuff.Core\Crypto\Hash.cs,89,16,M:System.IO.Hashing.NonCryptographicHashAlgorithm.GetHashAndReset,,,,,var buf = h.GetHashAndReset();
Api.0002,Source incompatible for selected .NET version,Active,Potential,1,src\RevolutionaryStuff.Core\RevolutionaryStuff.Core.csproj,File,src\RevolutionaryStuff.Core\Crypto\Hash.cs,88,16,M:System.IO.Hashing.NonCryptographicHashAlgorithm.Append(System.IO.Stream),,,,,h.Append(st);
Api.0002,Source incompatible for selected .NET version,Active,Potential,1,src\RevolutionaryStuff.Core\RevolutionaryStuff.Core.csproj,File,src\RevolutionaryStuff.Core\Crypto\Hash.cs,87,16,T:System.IO.Hashing.NonCryptographicHashAlgorithm,,,,,var h = creator();
Api.0002,Source incompatible for selected .NET version,Active,Potential,1,src\RevolutionaryStuff.Core\RevolutionaryStuff.Core.csproj,File,src\RevolutionaryStuff.Core\Crypto\Hash.cs,75,12,T:System.IO.Hashing.NonCryptographicHashAlgorithm,,,,,var z = creator();
Api.0002,Source incompatible for selected .NET version,Active,Potential,1,src\RevolutionaryStuff.Core\RevolutionaryStuff.Core.csproj,File,src\RevolutionaryStuff.Core\Crypto\Hash.cs,159,8,T:System.IO.Hashing.Crc32,,,,,"RegisterHashAlgorithmCreator(() => new Crc32(), CommonHashAlgorithmNames.NonCryptographicHashAlgorithms.Crc.Crc32);"
Api.0002,Source incompatible for selected .NET version,Active,Potential,1,src\RevolutionaryStuff.Core\RevolutionaryStuff.Core.csproj,File,src\RevolutionaryStuff.Core\Crypto\Hash.cs,159,8,M:System.IO.Hashing.Crc32.#ctor,,,,,"RegisterHashAlgorithmCreator(() => new Crc32(), CommonHashAlgorithmNames.NonCryptographicHashAlgorithms.Crc.Crc32);"
Api.0002,Source incompatible for selected .NET version,Active,Potential,1,src\RevolutionaryStuff.Core\RevolutionaryStuff.Core.csproj,File,src\RevolutionaryStuff.Core\Crypto\Hash.cs,158,8,T:System.IO.Hashing.XxHash128,,,,,"RegisterHashAlgorithmCreator(() => new XxHash128(), CommonHashAlgorithmNames.NonCryptographicHashAlgorithms.XxHash.XxHash128);"
Api.0002,Source incompatible for selected .NET version,Active,Potential,1,src\RevolutionaryStuff.Core\RevolutionaryStuff.Core.csproj,File,src\RevolutionaryStuff.Core\Crypto\Hash.cs,158,8,M:System.IO.Hashing.XxHash128.#ctor,,,,,"RegisterHashAlgorithmCreator(() => new XxHash128(), CommonHashAlgorithmNames.NonCryptographicHashAlgorithms.XxHash.XxHash128);"
Api.0002,Source incompatible for selected .NET version,Active,Potential,1,src\RevolutionaryStuff.Core\RevolutionaryStuff.Core.csproj,File,src\RevolutionaryStuff.Core\Crypto\Hash.cs,157,8,T:System.IO.Hashing.XxHash64,,,,,"RegisterHashAlgorithmCreator(() => new XxHash64(), CommonHashAlgorithmNames.NonCryptographicHashAlgorithms.XxHash.XxHash64);"
Api.0002,Source incompatible for selected .NET version,Active,Potential,1,src\RevolutionaryStuff.Core\RevolutionaryStuff.Core.csproj,File,src\RevolutionaryStuff.Core\Crypto\Hash.cs,157,8,M:System.IO.Hashing.XxHash64.#ctor,,,,,"RegisterHashAlgorithmCreator(() => new XxHash64(), CommonHashAlgorithmNames.NonCryptographicHashAlgorithms.XxHash.XxHash64);"
Api.0002,Source incompatible for selected .NET version,Active,Potential,1,src\RevolutionaryStuff.Core\RevolutionaryStuff.Core.csproj,File,src\RevolutionaryStuff.Core\Crypto\Hash.cs,156,8,T:System.IO.Hashing.XxHash32,,,,,"RegisterHashAlgorithmCreator(() => new XxHash32(), CommonHashAlgorithmNames.NonCryptographicHashAlgorithms.XxHash.XxHash32);"
Api.0002,Source incompatible for selected .NET version,Active,Potential,1,src\RevolutionaryStuff.Core\RevolutionaryStuff.Core.csproj,File,src\RevolutionaryStuff.Core\Crypto\Hash.cs,156,8,M:System.IO.Hashing.XxHash32.#ctor,,,,,"RegisterHashAlgorithmCreator(() => new XxHash32(), CommonHashAlgorithmNames.NonCryptographicHashAlgorithms.XxHash.XxHash32);"
Api.0003,Behavioral change in selected .NET version,Active,Potential,1,src\RevolutionaryStuff.Core\RevolutionaryStuff.Core.csproj,File,src\RevolutionaryStuff.Core\ApplicationParts\IJsonSerializable.cs,11,11,T:System.Text.Json.JsonDocument,,,,,JsonDocument.Parse(ToJson())
Api.0003,Behavioral change in selected .NET version,Active,Potential,1,src\RevolutionaryStuff.Core\RevolutionaryStuff.Core.csproj,File,src\RevolutionaryStuff.Core\ApplicationParts\IJsonSerializable.cs,11,11,T:System.Text.Json.JsonDocument,,,,,JsonDocument.Parse(ToJson())
Api.0003,Behavioral change in selected .NET version,Active,Potential,1,src\RevolutionaryStuff.Core\RevolutionaryStuff.Core.csproj,File,src\RevolutionaryStuff.Core\Services\Http\IHttpMessageSender.cs,33,4,T:System.Uri,,,,,"async Task<GetDataResult> GetDataAsync(Uri u, bool throwOnNonSuccess = true)"
Api.0003,Behavioral change in selected .NET version,Active,Potential,1,src\RevolutionaryStuff.Core\RevolutionaryStuff.Core.csproj,File,src\RevolutionaryStuff.Core\Services\Http\IHttpMessageSender.cs,38,8,T:System.Net.Http.HttpContent,,,,,"return new(await resp.Content.ReadAsStreamAsync(), resp);"
Api.0003,Behavioral change in selected .NET version,Active,Potential,1,src\RevolutionaryStuff.Core\RevolutionaryStuff.Core.csproj,File,src\RevolutionaryStuff.Core\Services\Http\IHttpMessageSender.cs,38,8,M:System.Net.Http.HttpContent.ReadAsStreamAsync,,,,,"return new(await resp.Content.ReadAsStreamAsync(), resp);"
Api.0003,Behavioral change in selected .NET version,Active,Potential,1,src\RevolutionaryStuff.Core\RevolutionaryStuff.Core.csproj,File,src\RevolutionaryStuff.Core\Services\Http\IHttpMessageSender.cs,25,4,T:System.Uri,,,,,"async Task<Stream> GetStreamAsync(Uri u, bool throwOnNonSuccess = true)"
Api.0003,Behavioral change in selected .NET version,Active,Potential,1,src\RevolutionaryStuff.Core\RevolutionaryStuff.Core.csproj,File,src\RevolutionaryStuff.Core\Services\Http\IHttpMessageSender.cs,30,8,T:System.Net.Http.HttpContent,,,,,return await resp.Content.ReadAsStreamAsync();
Api.0003,Behavioral change in selected .NET version,Active,Potential,1,src\RevolutionaryStuff.Core\RevolutionaryStuff.Core.csproj,File,src\RevolutionaryStuff.Core\Services\Http\IHttpMessageSender.cs,30,8,M:System.Net.Http.HttpContent.ReadAsStreamAsync,,,,,return await resp.Content.ReadAsStreamAsync();
Api.0003,Behavioral change in selected .NET version,Active,Potential,1,src\RevolutionaryStuff.Core\RevolutionaryStuff.Core.csproj,File,src\RevolutionaryStuff.Core\Services\Http\IHttpMessageSender.cs,17,4,T:System.Uri,,,,,"async Task<string> GetStringAsync(Uri u, bool throwOnNonSuccess = true)"
Api.0003,Behavioral change in selected .NET version,Active,Potential,1,src\RevolutionaryStuff.Core\RevolutionaryStuff.Core.csproj,File,src\RevolutionaryStuff.Core\Services\Http\IHttpMessageSender.cs,22,8,T:System.Net.Http.HttpContent,,,,,return await resp.Content.ReadAsStringAsync();
Api.0003,Behavioral change in selected .NET version,Active,Potential,1,src\RevolutionaryStuff.Core\RevolutionaryStuff.Core.csproj,File,src\RevolutionaryStuff.Core\Services\Http\IHttpMessageSender.cs,14,4,T:System.Uri,,,,, Task<HttpResponseMessage> GetAsync(Uri u)
Api.0003,Behavioral change in selected .NET version,Active,Potential,1,src\RevolutionaryStuff.Core\RevolutionaryStuff.Core.csproj,File,src\RevolutionaryStuff.Core\Services\JsonSerializers\Microsoft\Converters\UndefinedJsonElementConverter.cs,11,8,T:System.Text.Json.JsonDocument,,,,,return JsonDocument.ParseValue(ref reader).RootElement;
Api.0003,Behavioral change in selected .NET version,Active,Potential,1,src\RevolutionaryStuff.Core\RevolutionaryStuff.Core.csproj,File,src\RevolutionaryStuff.Core\Services\JsonSerializers\Microsoft\Converters\UndefinedJsonElementConverter.cs,11,8,T:System.Text.Json.JsonDocument,,,,,return JsonDocument.ParseValue(ref reader).RootElement;
Api.0003,Behavioral change in selected .NET version,Active,Potential,1,src\RevolutionaryStuff.Core\RevolutionaryStuff.Core.csproj,File,src\RevolutionaryStuff.Core\Services\JsonSerializers\Microsoft\SystemTextJsonSerializer.cs,40,11,"M:System.Text.Json.JsonSerializer.Deserialize(System.String,System.Type,System.Text.Json.JsonSerializerOptions)",,,,,"JsonSerializer.Deserialize(json, t, MyJsonSerializerOptions ?? DefaultJsonSerializationSettings)"
Api.0002,Source incompatible for selected .NET version,Active,Potential,1,src\RevolutionaryStuff.Core\RevolutionaryStuff.Core.csproj,File,src\RevolutionaryStuff.Core\Caching\BaseCacher.cs,40,48,"M:System.TimeSpan.FromMilliseconds(System.Int64,System.Int64)",,,,,TimeSpan.FromMilliseconds(CacheEntryGenerationMilliseconds_p / CacheMisses_p * CacheHits_p)
Api.0002,Source incompatible for selected .NET version,Active,Potential,1,src\RevolutionaryStuff.Core\RevolutionaryStuff.Core.csproj,File,src\RevolutionaryStuff.Core\Caching\BaseCacher.cs,37,11,"M:System.TimeSpan.FromMilliseconds(System.Int64,System.Int64)",,,,,TimeSpan.FromMilliseconds(CacheEntryGenerationMilliseconds_p)
Api.0003,Behavioral change in selected .NET version,Active,Potential,1,src\RevolutionaryStuff.Core\RevolutionaryStuff.Core.csproj,File,src\RevolutionaryStuff.Core\UrlHelpers.cs,9,4,T:System.Uri,,,,,public static string GetFileNameSegment(this Uri u)
Api.0003,Behavioral change in selected .NET version,Active,Potential,1,src\RevolutionaryStuff.Core\RevolutionaryStuff.Core.csproj,File,src\RevolutionaryStuff.Core\UrlHelpers.cs,6,4,T:System.Uri,,,,,"public static IList<string> GetLocalPathParts(this Uri u, bool removeEmptyEntries = true)"
Api.0003,Behavioral change in selected .NET version,Active,Potential,1,src\RevolutionaryStuff.Core\RevolutionaryStuff.Core.csproj,File,src\RevolutionaryStuff.Core\Format.cs,19,12,T:System.Uri,,,,,sb.Append(Uri.EscapeUriString(kvp.Key));
Api.0002,Source incompatible for selected .NET version,Active,Potential,1,src\RevolutionaryStuff.Core\RevolutionaryStuff.Core.csproj,File,src\RevolutionaryStuff.Core\Format.cs,19,12,M:System.Uri.EscapeUriString(System.String),,,,,sb.Append(Uri.EscapeUriString(kvp.Key));
Api.0002,Source incompatible for selected .NET version,Active,Potential,1,src\RevolutionaryStuff.Core\RevolutionaryStuff.Core.csproj,File,src\RevolutionaryStuff.Core\DataHelpers.cs,507,8,"M:System.Text.StringBuilder.AppendFormat(System.String,System.ReadOnlySpan{System.Object})",,,,,"sb.AppendFormat("")\n"");"
Api.0002,Source incompatible for selected .NET version,Active,Potential,1,src\RevolutionaryStuff.Core\RevolutionaryStuff.Core.csproj,File,src\RevolutionaryStuff.Core\DataHelpers.cs,496,12,"M:System.Text.StringBuilder.AppendFormat(System.String,System.ReadOnlySpan{System.Object})",,,,,"sb.AppendFormat(""\t[{0}] {1} {2}{3}{4}\n"",                  dc.ColumnName,                  sqlType,                  dc.AllowDBNull ? ""NULL"" : ""NOT NULL"",                  isPk ? "" PRIMARY KEY"" : """",                  colNum == dt.Columns.Count - 1 ? """" : "","");"
Api.0003,Behavioral change in selected .NET version,Active,Potential,1,src\RevolutionaryStuff.Core\RevolutionaryStuff.Core.csproj,File,src\RevolutionaryStuff.Core\Parse.cs,189,4,T:System.Uri,,,,,"public static Uri ParseUri(string s, UriKind kind = UriKind.Absolute)"
Api.0003,Behavioral change in selected .NET version,Active,Potential,1,src\RevolutionaryStuff.Core\RevolutionaryStuff.Core.csproj,File,src\RevolutionaryStuff.Core\Parse.cs,191,8,T:System.Uri,,,,,"return Uri.TryCreate(s, kind, out var u) ? u : null;"
Api.0003,Behavioral change in selected .NET version,Active,Potential,1,src\RevolutionaryStuff.Core\RevolutionaryStuff.Core.csproj,File,src\RevolutionaryStuff.Core\Parse.cs,191,8,"M:System.Uri.TryCreate(System.String,System.UriKind,System.Uri@)",,,,,"return Uri.TryCreate(s, kind, out var u) ? u : null;"
Api.0002,Source incompatible for selected .NET version,Active,Potential,1,src\RevolutionaryStuff.Core\RevolutionaryStuff.Core.csproj,File,src\RevolutionaryStuff.Core\TaskHelpers.cs,94,16,M:System.Threading.Tasks.Task.WaitAll(System.ReadOnlySpan{System.Threading.Tasks.Task}),,,,,Task.WaitAll(task);
Api.0002,Source incompatible for selected .NET version,Active,Potential,1,src\RevolutionaryStuff.Core\RevolutionaryStuff.Core.csproj,File,src\RevolutionaryStuff.Core\TaskHelpers.cs,61,16,M:System.Threading.Tasks.Task.WaitAll(System.ReadOnlySpan{System.Threading.Tasks.Task}),,,,,Task.WaitAll(task);
Api.0003,Behavioral change in selected .NET version,Active,Potential,1,src\RevolutionaryStuff.Core\RevolutionaryStuff.Core.csproj,File,src\RevolutionaryStuff.Core\Requires.cs,29,12,T:System.Uri,,,,,new Uri(arg);
Api.0003,Behavioral change in selected .NET version,Active,Potential,1,src\RevolutionaryStuff.Core\RevolutionaryStuff.Core.csproj,File,src\RevolutionaryStuff.Core\Requires.cs,29,12,M:System.Uri.#ctor(System.String),,,,,new Uri(arg);
Api.0003,Behavioral change in selected .NET version,Active,Potential,1,src\RevolutionaryStuff.Core\RevolutionaryStuff.Core.csproj,File,src\RevolutionaryStuff.Core\DependencyInjectionHelpers.cs,204,12,T:System.Uri,,,,,hc.BaseAddress = new Uri(config.BaseAddress);
Api.0003,Behavioral change in selected .NET version,Active,Potential,1,src\RevolutionaryStuff.Core\RevolutionaryStuff.Core.csproj,File,src\RevolutionaryStuff.Core\DependencyInjectionHelpers.cs,204,12,M:System.Uri.#ctor(System.String),,,,,hc.BaseAddress = new Uri(config.BaseAddress);
Api.0003,Behavioral change in selected .NET version,Active,Potential,1,src\RevolutionaryStuff.Core\RevolutionaryStuff.Core.csproj,File,src\RevolutionaryStuff.Core\DependencyInjectionHelpers.cs,204,12,T:System.Uri,,,,,hc.BaseAddress = new Uri(config.BaseAddress);
Api.0003,Behavioral change in selected .NET version,Active,Potential,1,src\RevolutionaryStuff.Core\RevolutionaryStuff.Core.csproj,File,src\RevolutionaryStuff.Core\XmlHelpers.cs,65,4,T:System.Xml.Serialization.XmlSerializer,,,,,"public static string ToXml(this XmlSerializer ser, object o, bool allowAsync = true)"
Api.0003,Behavioral change in selected .NET version,Active,Potential,1,src\RevolutionaryStuff.Core\RevolutionaryStuff.Core.csproj,File,src\RevolutionaryStuff.Core\TypeHelpers.cs,438,8,T:System.Uri,,,,,"return t.GetTypeInfo().IsEnum              ? Enum.Parse(t, val.ToString(), true)              : t == typeof(Uri) && val is string ? new Uri((string)val) : Convert.ChangeType(val, t, null);"
Api.0003,Behavioral change in selected .NET version,Active,Potential,1,src\RevolutionaryStuff.Core\RevolutionaryStuff.Core.csproj,File,src\RevolutionaryStuff.Core\TypeHelpers.cs,438,8,M:System.Uri.#ctor(System.String),,,,,"return t.GetTypeInfo().IsEnum              ? Enum.Parse(t, val.ToString(), true)              : t == typeof(Uri) && val is string ? new Uri((string)val) : Convert.ChangeType(val, t, null);"
Api.0003,Behavioral change in selected .NET version,Active,Potential,1,src\RevolutionaryStuff.Core\RevolutionaryStuff.Core.csproj,File,src\RevolutionaryStuff.Core\TypeHelpers.cs,387,16,T:System.Uri,,,,,return new Uri(val);
Api.0003,Behavioral change in selected .NET version,Active,Potential,1,src\RevolutionaryStuff.Core\RevolutionaryStuff.Core.csproj,File,src\RevolutionaryStuff.Core\TypeHelpers.cs,387,16,M:System.Uri.#ctor(System.String),,,,,return new Uri(val);
Api.0002,Source incompatible for selected .NET version,Active,Potential,1,src\RevolutionaryStuff.Core\RevolutionaryStuff.Core.csproj,File,src\RevolutionaryStuff.Core\DelegateHelpers.cs,64,20,"M:System.TimeSpan.FromMilliseconds(System.Int64,System.Int64)",,,,,"Trace.WriteLine($""CallAndRetryOnFailure retry={z} wait={TimeSpan.FromMilliseconds(wait)}"");"
Api.0002,Source incompatible for selected .NET version,Active,Potential,1,src\RevolutionaryStuff.Core\RevolutionaryStuff.Core.csproj,File,src\RevolutionaryStuff.Core\DelegateHelpers.cs,50,8,M:System.TimeSpan.FromSeconds(System.Int64),,,,,backoffPeriod ??= TimeSpan.FromSeconds(2);
Api.0002,Source incompatible for selected .NET version,Active,Potential,1,src\RevolutionaryStuff.Core\RevolutionaryStuff.Core.csproj,File,src\RevolutionaryStuff.Core\DelegateHelpers.cs,36,20,"M:System.TimeSpan.FromMilliseconds(System.Int64,System.Int64)",,,,,"Trace.WriteLine($""CallAndRetryOnFailure retry={z} wait={TimeSpan.FromMilliseconds(wait)}"");"
Api.0002,Source incompatible for selected .NET version,Active,Potential,1,src\RevolutionaryStuff.Core\RevolutionaryStuff.Core.csproj,File,src\RevolutionaryStuff.Core\DelegateHelpers.cs,22,8,"M:System.TimeSpan.FromMilliseconds(System.Int64,System.Int64)",,,,,backoffPeriod ??= TimeSpan.FromMilliseconds(250);
Api.0003,Behavioral change in selected .NET version,Active,Potential,1,src\RevolutionaryStuff.Core\RevolutionaryStuff.Core.csproj,File,src\RevolutionaryStuff.Core\WebHelpers.cs,154,4,T:System.Uri,,,,,"public static Uri AppendParameter(this Uri u, string paramName, object val)"
Api.0003,Behavioral change in selected .NET version,Active,Potential,1,src\RevolutionaryStuff.Core\RevolutionaryStuff.Core.csproj,File,src\RevolutionaryStuff.Core\WebHelpers.cs,154,4,T:System.Uri,,,,,"public static Uri AppendParameter(this Uri u, string paramName, object val)"
Api.0003,Behavioral change in selected .NET version,Active,Potential,1,src\RevolutionaryStuff.Core\RevolutionaryStuff.Core.csproj,File,src\RevolutionaryStuff.Core\WebHelpers.cs,157,8,T:System.Uri,,,,,"return new Uri(url, u.IsAbsoluteUri ? UriKind.Absolute : UriKind.Relative);"
Api.0003,Behavioral change in selected .NET version,Active,Potential,1,src\RevolutionaryStuff.Core\RevolutionaryStuff.Core.csproj,File,src\RevolutionaryStuff.Core\WebHelpers.cs,157,8,"M:System.Uri.#ctor(System.String,System.UriKind)",,,,,"return new Uri(url, u.IsAbsoluteUri ? UriKind.Absolute : UriKind.Relative);"
Api.0003,Behavioral change in selected .NET version,Active,Potential,1,src\RevolutionaryStuff.Core\RevolutionaryStuff.Core.csproj,File,src\RevolutionaryStuff.Core\WebHelpers.cs,149,12,T:System.Uri,,,,,url += Uri.EscapeDataString(ov);
Api.0003,Behavioral change in selected .NET version,Active,Potential,1,src\RevolutionaryStuff.Core\RevolutionaryStuff.Core.csproj,File,src\RevolutionaryStuff.Core\WebHelpers.cs,140,8,T:System.Uri,,,,,url += Uri.EscapeDataString(paramName);
Api.0003,Behavioral change in selected .NET version,Active,Potential,1,src\RevolutionaryStuff.Core\RevolutionaryStuff.Core.csproj,File,src\RevolutionaryStuff.Core\WebHelpers.cs,114,4,T:System.Uri,,,,,"public static Uri AppendParameters(this Uri uri, IEnumerable<KeyValuePair<string, string>> nameVals)"
Api.0003,Behavioral change in selected .NET version,Active,Potential,1,src\RevolutionaryStuff.Core\RevolutionaryStuff.Core.csproj,File,src\RevolutionaryStuff.Core\WebHelpers.cs,114,4,T:System.Uri,,,,,"public static Uri AppendParameters(this Uri uri, IEnumerable<KeyValuePair<string, string>> nameVals)"
Api.0003,Behavioral change in selected .NET version,Active,Potential,1,src\RevolutionaryStuff.Core\RevolutionaryStuff.Core.csproj,File,src\RevolutionaryStuff.Core\WebHelpers.cs,115,8,T:System.Uri,,,,,"new(AppendParameters(uri.ToString(), nameVals))"
Api.0003,Behavioral change in selected .NET version,Active,Potential,1,src\RevolutionaryStuff.Core\RevolutionaryStuff.Core.csproj,File,src\RevolutionaryStuff.Core\WebHelpers.cs,115,8,M:System.Uri.#ctor(System.String),,,,,"new(AppendParameters(uri.ToString(), nameVals))"
Api.0003,Behavioral change in selected .NET version,Active,Potential,1,src\RevolutionaryStuff.Core\RevolutionaryStuff.Core.csproj,File,src\RevolutionaryStuff.Core\WebHelpers.cs,108,12,T:System.Uri,,,,,n = Uri.UnescapeDataString(n);
Api.0003,Behavioral change in selected .NET version,Active,Potential,1,src\RevolutionaryStuff.Core\RevolutionaryStuff.Core.csproj,File,src\RevolutionaryStuff.Core\WebHelpers.cs,106,16,T:System.Uri,,,,,v = Uri.UnescapeDataString(s[(i + 1)..]);
Api.0003,Behavioral change in selected .NET version,Active,Potential,1,src\RevolutionaryStuff.Core\RevolutionaryStuff.Core.csproj,File,src\RevolutionaryStuff.Core\WebHelpers.cs,64,4,T:System.Uri,,,,,"public static StringValues GetQueryStringParam(this Uri uri, string parameterName, bool caseSensitive = false)"
Api.0003,Behavioral change in selected .NET version,Active,Potential,1,src\RevolutionaryStuff.Core\RevolutionaryStuff.Core.csproj,File,src\RevolutionaryStuff.Core\WebHelpers.cs,57,4,T:System.Net.Http.HttpContent,,,,,"public static HttpContent CreateHttpContent(string postData, Encoding e = null)"
Api.0003,Behavioral change in selected .NET version,Active,Potential,1,src\RevolutionaryStuff.Core\RevolutionaryStuff.Core.csproj,File,src\RevolutionaryStuff.Core\WebHelpers.cs,54,4,T:System.Net.Http.HttpContent,,,,,"public static HttpContent CreateHttpContent(IEnumerable<KeyValuePair<string, string>> datas)"
Api.0003,Behavioral change in selected .NET version,Active,Potential,1,src\RevolutionaryStuff.Core\RevolutionaryStuff.Core.csproj,File,src\RevolutionaryStuff.Core\WebHelpers.cs,55,11,T:System.Net.Http.HttpContent,,,,,CreateHttpContent(datas.UrlEncode())
Api.0003,Behavioral change in selected .NET version,Active,Potential,1,src\RevolutionaryStuff.Core\RevolutionaryStuff.Core.csproj,File,src\RevolutionaryStuff.Core\WebHelpers.cs,51,4,T:System.Net.Http.HttpContent,,,,,"public static HttpContent CreateJsonContent(string json, Encoding encoding = null)"
Api.0003,Behavioral change in selected .NET version,Active,Potential,1,src\RevolutionaryStuff.Core\RevolutionaryStuff.Core.csproj,File,src\RevolutionaryStuff.Core\Use.cs,31,8,M:Microsoft.Extensions.DependencyInjection.HttpClientFactoryServiceCollectionExtensions.AddHttpClient(Microsoft.Extensions.DependencyInjection.IServiceCollection),,,,,services.AddHttpClient();
Api.0002,Source incompatible for selected .NET version,Active,Potential,1,src\RevolutionaryStuff.Core\RevolutionaryStuff.Core.csproj,File,src\RevolutionaryStuff.Core\JsonHelpers.PathSegment.cs,14,8,M:System.String.Split(System.ReadOnlySpan{System.Char}),,,,,"return pathFormat switch          {              PathFormats.DotNotation => path.Split('.'),              PathFormats.SlashNotation => path.Split('/'),              PathFormats.DotOrSlashNotation => path.Split('.', '/'),              _ => throw new UnexpectedSwitchValueException(pathFormat),          };"
Api.0003,Behavioral change in selected .NET version,Active,Potential,1,src\RevolutionaryStuff.Core\RevolutionaryStuff.Core.csproj,File,src\RevolutionaryStuff.Core\JsonHelpers.Microsoft.cs,31,11,T:System.Text.Json.JsonDocument,,,,,JsonDocument.Parse(ToMicrosoftJson(o))
Api.0003,Behavioral change in selected .NET version,Active,Potential,1,src\RevolutionaryStuff.Core\RevolutionaryStuff.Core.csproj,File,src\RevolutionaryStuff.Core\JsonHelpers.Microsoft.cs,31,11,T:System.Text.Json.JsonDocument,,,,,JsonDocument.Parse(ToMicrosoftJson(o))
Api.0003,Behavioral change in selected .NET version,Active,Potential,1,src\RevolutionaryStuff.Core\RevolutionaryStuff.Core.csproj,File,src\RevolutionaryStuff.Core\JsonHelpers.Microsoft.cs,28,11,T:System.Text.Json.JsonDocument,,,,,"JsonDocument.Parse(json, new() { CommentHandling = JsonCommentHandling.Skip })"
Api.0003,Behavioral change in selected .NET version,Active,Potential,1,src\RevolutionaryStuff.Core\RevolutionaryStuff.Core.csproj,File,src\RevolutionaryStuff.Core\JsonHelpers.Microsoft.cs,28,11,T:System.Text.Json.JsonDocument,,,,,"JsonDocument.Parse(json, new() { CommentHandling = JsonCommentHandling.Skip })"
Project.0002,Project's target framework(s) needs to be changed,Active,Mandatory,1,tests\RevolutionaryStuff.Core.Tests\RevolutionaryStuff.Core.Tests.csproj,File,tests\RevolutionaryStuff.Core.Tests\RevolutionaryStuff.Core.Tests.csproj,,,,,,,,Current target framework: net9.0 Recommended target framework: net10.0
Api.0003,Behavioral change in selected .NET version,Active,Potential,1,tests\RevolutionaryStuff.Core.Tests\RevolutionaryStuff.Core.Tests.csproj,File,tests\RevolutionaryStuff.Core.Tests\EnumMemberConverterTests.cs,543,8,T:System.Text.Json.JsonDocument,,,,,using var doc = JsonDocument.Parse(json);
Api.0003,Behavioral change in selected .NET version,Active,Potential,1,tests\RevolutionaryStuff.Core.Tests\RevolutionaryStuff.Core.Tests.csproj,File,tests\RevolutionaryStuff.Core.Tests\EnumMemberConverterTests.cs,543,8,T:System.Text.Json.JsonDocument,,,,,using var doc = JsonDocument.Parse(json);
Api.0002,Source incompatible for selected .NET version,Active,Potential,1,tests\RevolutionaryStuff.Core.Tests\RevolutionaryStuff.Core.Tests.csproj,File,tests\RevolutionaryStuff.Core.Tests\DateHelpersTests.cs,568,8,M:System.TimeSpan.FromHours(System.Int32),,,,,var offset = TimeSpan.FromHours(-5);
Api.0002,Source incompatible for selected .NET version,Active,Potential,1,tests\RevolutionaryStuff.Core.Tests\RevolutionaryStuff.Core.Tests.csproj,File,tests\RevolutionaryStuff.Core.Tests\DateHelpersTests.cs,538,8,M:System.TimeSpan.FromHours(System.Int32),,,,,var offset = TimeSpan.FromHours(-5);
Api.0002,Source incompatible for selected .NET version,Active,Potential,1,tests\RevolutionaryStuff.Core.Tests\RevolutionaryStuff.Core.Tests.csproj,File,tests\RevolutionaryStuff.Core.Tests\DateHelpersTests.cs,453,8,M:System.TimeSpan.FromHours(System.Int32),,,,,"var dt = new DateTimeOffset(2024, 6, 15, 10, 30, 0, TimeSpan.FromHours(-5));"
Api.0002,Source incompatible for selected .NET version,Active,Potential,1,tests\RevolutionaryStuff.Core.Tests\RevolutionaryStuff.Core.Tests.csproj,File,tests\RevolutionaryStuff.Core.Tests\DateHelpersTests.cs,432,8,M:System.TimeSpan.FromMilliseconds(System.Double),,,,,var ts = TimeSpan.FromMilliseconds(1000.4);
Api.0002,Source incompatible for selected .NET version,Active,Potential,1,tests\RevolutionaryStuff.Core.Tests\RevolutionaryStuff.Core.Tests.csproj,File,tests\RevolutionaryStuff.Core.Tests\DateHelpersTests.cs,425,8,M:System.TimeSpan.FromMilliseconds(System.Double),,,,,var ts = TimeSpan.FromMilliseconds(1000.6);
Api.0002,Source incompatible for selected .NET version,Active,Potential,1,tests\RevolutionaryStuff.Core.Tests\RevolutionaryStuff.Core.Tests.csproj,File,tests\RevolutionaryStuff.Core.Tests\DateHelpersTests.cs,418,8,"M:System.TimeSpan.FromMilliseconds(System.Int64,System.Int64)",,,,,var ts = TimeSpan.FromMilliseconds(1000);
Api.0002,Source incompatible for selected .NET version,Active,Potential,1,tests\RevolutionaryStuff.Core.Tests\RevolutionaryStuff.Core.Tests.csproj,File,tests\RevolutionaryStuff.Core.Tests\DateHelpersTests.cs,274,8,M:System.TimeSpan.FromHours(System.Int32),,,,,"var dt = new DateTimeOffset(2024, 6, 15, 10, 30, 0, TimeSpan.FromHours(-5));"
Api.0002,Source incompatible for selected .NET version,Active,Potential,1,tests\RevolutionaryStuff.Core.Tests\RevolutionaryStuff.Core.Tests.csproj,File,tests\RevolutionaryStuff.Core.Tests\CacherTests.cs,112,8,M:System.TimeSpan.FromSeconds(System.Int64),,,,,var callWait = TimeSpan.FromSeconds(2);
Api.0003,Behavioral change in selected .NET version,Active,Potential,1,tests\RevolutionaryStuff.Core.Tests\RevolutionaryStuff.Core.Tests.csproj,File,tests\RevolutionaryStuff.Core.Tests\SystemTextJsonTests.cs,44,8,T:System.Text.Json.JsonDocument,,,,,"var val = new SimpleWithJsonElement()          {              Jel = JsonDocument.Parse(""""""  {      ""a"": ""1"",      ""c"": ""3"",      ""zippy"": {          ""d"": ""4"",          ""e"": ""5""      }  }    """""").RootElement          };"
Api.0003,Behavioral change in selected .NET version,Active,Potential,1,tests\RevolutionaryStuff.Core.Tests\RevolutionaryStuff.Core.Tests.csproj,File,tests\RevolutionaryStuff.Core.Tests\SystemTextJsonTests.cs,44,8,T:System.Text.Json.JsonDocument,,,,,"var val = new SimpleWithJsonElement()          {              Jel = JsonDocument.Parse(""""""  {      ""a"": ""1"",      ""c"": ""3"",      ""zippy"": {          ""d"": ""4"",          ""e"": ""5""      }  }    """""").RootElement          };"
Api.0003,Behavioral change in selected .NET version,Active,Potential,1,tests\RevolutionaryStuff.Core.Tests\RevolutionaryStuff.Core.Tests.csproj,File,tests\RevolutionaryStuff.Core.Tests\SystemTextJsonTests.cs,32,8,T:System.Text.Json.JsonDocument,,,,,"var val = new SimpleWithJsonElement()          {              Jel = JsonDocument.Parse(""42"").RootElement          };"
Api.0003,Behavioral change in selected .NET version,Active,Potential,1,tests\RevolutionaryStuff.Core.Tests\RevolutionaryStuff.Core.Tests.csproj,File,tests\RevolutionaryStuff.Core.Tests\SystemTextJsonTests.cs,32,8,T:System.Text.Json.JsonDocument,,,,,"var val = new SimpleWithJsonElement()          {              Jel = JsonDocument.Parse(""42"").RootElement          };"
Api.0003,Behavioral change in selected .NET version,Active,Potential,1,tests\RevolutionaryStuff.Core.Tests\RevolutionaryStuff.Core.Tests.csproj,File,tests\RevolutionaryStuff.Core.Tests\TypeHelpersTests.cs,17,27,T:System.Uri,,,,,"new Uri(""http://www.espn.com"")"
Api.0003,Behavioral change in selected .NET version,Active,Potential,1,tests\RevolutionaryStuff.Core.Tests\RevolutionaryStuff.Core.Tests.csproj,File,tests\RevolutionaryStuff.Core.Tests\TypeHelpersTests.cs,17,27,M:System.Uri.#ctor(System.String),,,,,"new Uri(""http://www.espn.com"")"
Api.0002,Source incompatible for selected .NET version,Active,Potential,1,tests\RevolutionaryStuff.Core.Tests\RevolutionaryStuff.Core.Tests.csproj,File,tests\RevolutionaryStuff.Core.Tests\PassthroughCacherTests.cs,22,20,M:System.TimeSpan.FromMinutes(System.Int64),,,,,"return Task.FromResult(new CacheCreationResult(z, new CacheEntryRetentionPolicy(TimeSpan.FromMinutes(10))));"
Api.0002,Source incompatible for selected .NET version,Active,Potential,1,tests\RevolutionaryStuff.Core.Tests\RevolutionaryStuff.Core.Tests.csproj,File,tests\RevolutionaryStuff.Core.Tests\BasicCacherTests.cs,55,8,M:System.TimeSpan.FromSeconds(System.Int64),,,,,var expirationTimeout = TimeSpan.FromSeconds(3);
Api.0002,Source incompatible for selected .NET version,Active,Potential,1,tests\RevolutionaryStuff.Core.Tests\RevolutionaryStuff.Core.Tests.csproj,File,tests\RevolutionaryStuff.Core.Tests\BasicCacherTests.cs,26,20,M:System.TimeSpan.FromMinutes(System.Int64),,,,,"return Task.FromResult(new CacheCreationResult(z, new CacheEntryRetentionPolicy(TimeSpan.FromMinutes(10))));"
Project.0002,Project's target framework(s) needs to be changed,Active,Mandatory,1,src\RevolutionaryStuff.Crm\RevolutionaryStuff.Crm.csproj,File,src\RevolutionaryStuff.Crm\RevolutionaryStuff.Crm.csproj,,,,,,,,Current target framework: net9.0 Recommended target framework: net10.0
Project.0002,Project's target framework(s) needs to be changed,Active,Mandatory,1,src\RevolutionaryStuff.Crm.MondayCom\RevolutionaryStuff.Crm.MondayCom.csproj,File,src\RevolutionaryStuff.Crm.MondayCom\RevolutionaryStuff.Crm.MondayCom.csproj,,,,,,,,Current target framework: net9.0 Recommended target framework: net10.0
Api.0003,Behavioral change in selected .NET version,Active,Potential,1,src\RevolutionaryStuff.Crm.MondayCom\RevolutionaryStuff.Crm.MondayCom.csproj,File,src\RevolutionaryStuff.Crm.MondayCom\Implementation\MondayComApiService.cs,146,8,T:System.Text.Json.JsonDocument,,,,,using var doc = JsonDocument.Parse(json);
Api.0003,Behavioral change in selected .NET version,Active,Potential,1,src\RevolutionaryStuff.Crm.MondayCom\RevolutionaryStuff.Crm.MondayCom.csproj,File,src\RevolutionaryStuff.Crm.MondayCom\Implementation\MondayComApiService.cs,146,8,T:System.Text.Json.JsonDocument,,,,,using var doc = JsonDocument.Parse(json);
Api.0003,Behavioral change in selected .NET version,Active,Potential,1,src\RevolutionaryStuff.Crm.MondayCom\RevolutionaryStuff.Crm.MondayCom.csproj,File,src\RevolutionaryStuff.Crm.MondayCom\Implementation\MondayComApiService.cs,113,16,T:System.Text.Json.JsonDocument,,,,,using var doc = JsonDocument.Parse(json);
Api.0003,Behavioral change in selected .NET version,Active,Potential,1,src\RevolutionaryStuff.Crm.MondayCom\RevolutionaryStuff.Crm.MondayCom.csproj,File,src\RevolutionaryStuff.Crm.MondayCom\Implementation\MondayComApiService.cs,113,16,T:System.Text.Json.JsonDocument,,,,,using var doc = JsonDocument.Parse(json);
Api.0003,Behavioral change in selected .NET version,Active,Potential,1,src\RevolutionaryStuff.Crm.MondayCom\RevolutionaryStuff.Crm.MondayCom.csproj,File,src\RevolutionaryStuff.Crm.MondayCom\Implementation\MondayComApiService.cs,58,8,T:System.Net.Http.HttpContent,,,,,return await response.Content.ReadAsStringAsync();
Api.0003,Behavioral change in selected .NET version,Active,Potential,1,src\RevolutionaryStuff.Crm.MondayCom\RevolutionaryStuff.Crm.MondayCom.csproj,File,src\RevolutionaryStuff.Crm.MondayCom\Implementation\MondayComApiService.cs,50,8,T:System.Net.Http.HttpContent,,,,,"var request = new HttpRequestMessage(HttpMethod.Post, new Uri(config.BaseUrl))          {              Content = new StringContent(requestBody, Encoding.UTF8, MimeType.Application.Json.PrimaryContentType)          };"
Api.0003,Behavioral change in selected .NET version,Active,Potential,1,src\RevolutionaryStuff.Crm.MondayCom\RevolutionaryStuff.Crm.MondayCom.csproj,File,src\RevolutionaryStuff.Crm.MondayCom\Implementation\MondayComApiService.cs,50,8,T:System.Uri,,,,,"var request = new HttpRequestMessage(HttpMethod.Post, new Uri(config.BaseUrl))          {              Content = new StringContent(requestBody, Encoding.UTF8, MimeType.Application.Json.PrimaryContentType)          };"
Api.0003,Behavioral change in selected .NET version,Active,Potential,1,src\RevolutionaryStuff.Crm.MondayCom\RevolutionaryStuff.Crm.MondayCom.csproj,File,src\RevolutionaryStuff.Crm.MondayCom\Implementation\MondayComApiService.cs,50,8,M:System.Uri.#ctor(System.String),,,,,"var request = new HttpRequestMessage(HttpMethod.Post, new Uri(config.BaseUrl))          {              Content = new StringContent(requestBody, Encoding.UTF8, MimeType.Application.Json.PrimaryContentType)          };"
Project.0002,Project's target framework(s) needs to be changed,Active,Mandatory,1,src\RevolutionaryStuff.Crm.OpenPhone\RevolutionaryStuff.Crm.OpenPhone.csproj,File,src\RevolutionaryStuff.Crm.OpenPhone\RevolutionaryStuff.Crm.OpenPhone.csproj,,,,,,,,Current target framework: net9.0 Recommended target framework: net10.0
Api.0003,Behavioral change in selected .NET version,Active,Potential,1,src\RevolutionaryStuff.Crm.OpenPhone\RevolutionaryStuff.Crm.OpenPhone.csproj,File,src\RevolutionaryStuff.Crm.OpenPhone\Apis\OpenPhone\OpenPhonePublicApi.cs,12083,37,T:System.Uri,,,,,set;
Api.0003,Behavioral change in selected .NET version,Active,Potential,1,src\RevolutionaryStuff.Crm.OpenPhone\RevolutionaryStuff.Crm.OpenPhone.csproj,File,src\RevolutionaryStuff.Crm.OpenPhone\Apis\OpenPhone\OpenPhonePublicApi.cs,12083,32,T:System.Uri,,,,,get;
Api.0003,Behavioral change in selected .NET version,Active,Potential,1,src\RevolutionaryStuff.Crm.OpenPhone\RevolutionaryStuff.Crm.OpenPhone.csproj,File,src\RevolutionaryStuff.Crm.OpenPhone\Apis\OpenPhone\OpenPhonePublicApi.cs,12081,8,T:System.Uri,,,,,public System.Uri Url
Api.0003,Behavioral change in selected .NET version,Active,Potential,1,src\RevolutionaryStuff.Crm.OpenPhone\RevolutionaryStuff.Crm.OpenPhone.csproj,File,src\RevolutionaryStuff.Crm.OpenPhone\Apis\OpenPhone\OpenPhonePublicApi.cs,11835,37,T:System.Uri,,,,,set;
Api.0003,Behavioral change in selected .NET version,Active,Potential,1,src\RevolutionaryStuff.Crm.OpenPhone\RevolutionaryStuff.Crm.OpenPhone.csproj,File,src\RevolutionaryStuff.Crm.OpenPhone\Apis\OpenPhone\OpenPhonePublicApi.cs,11835,32,T:System.Uri,,,,,get;
Api.0003,Behavioral change in selected .NET version,Active,Potential,1,src\RevolutionaryStuff.Crm.OpenPhone\RevolutionaryStuff.Crm.OpenPhone.csproj,File,src\RevolutionaryStuff.Crm.OpenPhone\Apis\OpenPhone\OpenPhonePublicApi.cs,11833,8,T:System.Uri,,,,,public System.Uri Url
Api.0003,Behavioral change in selected .NET version,Active,Potential,1,src\RevolutionaryStuff.Crm.OpenPhone\RevolutionaryStuff.Crm.OpenPhone.csproj,File,src\RevolutionaryStuff.Crm.OpenPhone\Apis\OpenPhone\OpenPhonePublicApi.cs,11588,37,T:System.Uri,,,,,set;
Api.0003,Behavioral change in selected .NET version,Active,Potential,1,src\RevolutionaryStuff.Crm.OpenPhone\RevolutionaryStuff.Crm.OpenPhone.csproj,File,src\RevolutionaryStuff.Crm.OpenPhone\Apis\OpenPhone\OpenPhonePublicApi.cs,11588,32,T:System.Uri,,,,,get;
Api.0003,Behavioral change in selected .NET version,Active,Potential,1,src\RevolutionaryStuff.Crm.OpenPhone\RevolutionaryStuff.Crm.OpenPhone.csproj,File,src\RevolutionaryStuff.Crm.OpenPhone\Apis\OpenPhone\OpenPhonePublicApi.cs,11586,8,T:System.Uri,,,,,public System.Uri Url
Api.0003,Behavioral change in selected .NET version,Active,Potential,1,src\RevolutionaryStuff.Crm.OpenPhone\RevolutionaryStuff.Crm.OpenPhone.csproj,File,src\RevolutionaryStuff.Crm.OpenPhone\Apis\OpenPhone\OpenPhonePublicApi.cs,11341,37,T:System.Uri,,,,,set;
Api.0003,Behavioral change in selected .NET version,Active,Potential,1,src\RevolutionaryStuff.Crm.OpenPhone\RevolutionaryStuff.Crm.OpenPhone.csproj,File,src\RevolutionaryStuff.Crm.OpenPhone\Apis\OpenPhone\OpenPhonePublicApi.cs,11341,32,T:System.Uri,,,,,get;
Api.0003,Behavioral change in selected .NET version,Active,Potential,1,src\RevolutionaryStuff.Crm.OpenPhone\RevolutionaryStuff.Crm.OpenPhone.csproj,File,src\RevolutionaryStuff.Crm.OpenPhone\Apis\OpenPhone\OpenPhonePublicApi.cs,11339,8,T:System.Uri,,,,,public System.Uri Url
Api.0003,Behavioral change in selected .NET version,Active,Potential,1,src\RevolutionaryStuff.Crm.OpenPhone\RevolutionaryStuff.Crm.OpenPhone.csproj,File,src\RevolutionaryStuff.Crm.OpenPhone\Apis\OpenPhone\OpenPhonePublicApi.cs,1304,37,T:System.Uri,,,,,set;
Api.0003,Behavioral change in selected .NET version,Active,Potential,1,src\RevolutionaryStuff.Crm.OpenPhone\RevolutionaryStuff.Crm.OpenPhone.csproj,File,src\RevolutionaryStuff.Crm.OpenPhone\Apis\OpenPhone\OpenPhonePublicApi.cs,1304,32,T:System.Uri,,,,,get;
Api.0003,Behavioral change in selected .NET version,Active,Potential,1,src\RevolutionaryStuff.Crm.OpenPhone\RevolutionaryStuff.Crm.OpenPhone.csproj,File,src\RevolutionaryStuff.Crm.OpenPhone\Apis\OpenPhone\OpenPhonePublicApi.cs,1302,8,T:System.Uri,,,,,public System.Uri Url
Api.0003,Behavioral change in selected .NET version,Active,Potential,1,src\RevolutionaryStuff.Crm.OpenPhone\RevolutionaryStuff.Crm.OpenPhone.csproj,File,src\RevolutionaryStuff.Crm.OpenPhone\Apis\OpenPhone\OpenPhonePublicApi.cs,1248,37,T:System.Uri,,,,,set;
Api.0003,Behavioral change in selected .NET version,Active,Potential,1,src\RevolutionaryStuff.Crm.OpenPhone\RevolutionaryStuff.Crm.OpenPhone.csproj,File,src\RevolutionaryStuff.Crm.OpenPhone\Apis\OpenPhone\OpenPhonePublicApi.cs,1248,32,T:System.Uri,,,,,get;
Api.0003,Behavioral change in selected .NET version,Active,Potential,1,src\RevolutionaryStuff.Crm.OpenPhone\RevolutionaryStuff.Crm.OpenPhone.csproj,File,src\RevolutionaryStuff.Crm.OpenPhone\Apis\OpenPhone\OpenPhonePublicApi.cs,1246,8,T:System.Uri,,,,,public System.Uri Url
Api.0003,Behavioral change in selected .NET version,Active,Potential,1,src\RevolutionaryStuff.Crm.OpenPhone\RevolutionaryStuff.Crm.OpenPhone.csproj,File,src\RevolutionaryStuff.Crm.OpenPhone\Apis\OpenPhone\OpenPhonePublicApi.cs,1168,37,T:System.Uri,,,,,set;
Api.0003,Behavioral change in selected .NET version,Active,Potential,1,src\RevolutionaryStuff.Crm.OpenPhone\RevolutionaryStuff.Crm.OpenPhone.csproj,File,src\RevolutionaryStuff.Crm.OpenPhone\Apis\OpenPhone\OpenPhonePublicApi.cs,1168,32,T:System.Uri,,,,,get;
Api.0003,Behavioral change in selected .NET version,Active,Potential,1,src\RevolutionaryStuff.Crm.OpenPhone\RevolutionaryStuff.Crm.OpenPhone.csproj,File,src\RevolutionaryStuff.Crm.OpenPhone\Apis\OpenPhone\OpenPhonePublicApi.cs,1166,8,T:System.Uri,,,,,public System.Uri Url
Api.0003,Behavioral change in selected .NET version,Active,Potential,1,src\RevolutionaryStuff.Crm.OpenPhone\RevolutionaryStuff.Crm.OpenPhone.csproj,File,src\RevolutionaryStuff.Crm.OpenPhone\Apis\OpenPhone\OpenPhonePublicApi.cs,1138,37,T:System.Uri,,,,,set;
Api.0003,Behavioral change in selected .NET version,Active,Potential,1,src\RevolutionaryStuff.Crm.OpenPhone\RevolutionaryStuff.Crm.OpenPhone.csproj,File,src\RevolutionaryStuff.Crm.OpenPhone\Apis\OpenPhone\OpenPhonePublicApi.cs,1138,32,T:System.Uri,,,,,get;
Api.0003,Behavioral change in selected .NET version,Active,Potential,1,src\RevolutionaryStuff.Crm.OpenPhone\RevolutionaryStuff.Crm.OpenPhone.csproj,File,src\RevolutionaryStuff.Crm.OpenPhone\Apis\OpenPhone\OpenPhonePublicApi.cs,1136,8,T:System.Uri,,,,,public System.Uri Url
Api.0003,Behavioral change in selected .NET version,Active,Potential,1,src\RevolutionaryStuff.Crm.OpenPhone\RevolutionaryStuff.Crm.OpenPhone.csproj,File,src\RevolutionaryStuff.Crm.OpenPhone\Apis\OpenPhone\OpenPhonePublicApi.cs,966,43,T:System.Uri,,,,,set;
Api.0003,Behavioral change in selected .NET version,Active,Potential,1,src\RevolutionaryStuff.Crm.OpenPhone\RevolutionaryStuff.Crm.OpenPhone.csproj,File,src\RevolutionaryStuff.Crm.OpenPhone\Apis\OpenPhone\OpenPhonePublicApi.cs,966,38,T:System.Uri,,,,,get;
Api.0003,Behavioral change in selected .NET version,Active,Potential,1,src\RevolutionaryStuff.Crm.OpenPhone\RevolutionaryStuff.Crm.OpenPhone.csproj,File,src\RevolutionaryStuff.Crm.OpenPhone\Apis\OpenPhone\OpenPhonePublicApi.cs,964,8,T:System.Uri,,,,,public System.Uri SourceUrl
Project.0002,Project's target framework(s) needs to be changed,Active,Mandatory,1,src\RevolutionaryStuff.Dapr\RevolutionaryStuff.Dapr.csproj,File,src\RevolutionaryStuff.Dapr\RevolutionaryStuff.Dapr.csproj,,,,,,,,Current target framework: net9.0 Recommended target framework: net10.0
Project.0002,Project's target framework(s) needs to be changed,Active,Mandatory,1,src\RevolutionaryStuff.Data.Cosmos\RevolutionaryStuff.Data.Cosmos.csproj,File,src\RevolutionaryStuff.Data.Cosmos\RevolutionaryStuff.Data.Cosmos.csproj,,,,,,,,Current target framework: net9.0 Recommended target framework: net10.0
Api.0002,Source incompatible for selected .NET version,Active,Potential,1,src\RevolutionaryStuff.Data.Cosmos\RevolutionaryStuff.Data.Cosmos.csproj,File,src\RevolutionaryStuff.Data.Cosmos\Workers\CosmosChangeFeedProcessorWorker.cs,180,20,"M:System.String.Format(System.String,System.ReadOnlySpan{System.Object})",,,,,"id = string.Format(config.MessageIdFormat, id, rid, self, etag);"
Api.0003,Behavioral change in selected .NET version,Active,Potential,1,src\RevolutionaryStuff.Data.Cosmos\RevolutionaryStuff.Data.Cosmos.csproj,File,src\RevolutionaryStuff.Data.Cosmos\Workers\CosmosChangeFeedProcessorWorker.cs,154,12,T:System.Text.Json.JsonDocument,,,,,using var jsonDocument = JsonDocument.Parse(sr.ReadToEnd());
Api.0003,Behavioral change in selected .NET version,Active,Potential,1,src\RevolutionaryStuff.Data.Cosmos\RevolutionaryStuff.Data.Cosmos.csproj,File,src\RevolutionaryStuff.Data.Cosmos\Workers\CosmosChangeFeedProcessorWorker.cs,154,12,T:System.Text.Json.JsonDocument,,,,,using var jsonDocument = JsonDocument.Parse(sr.ReadToEnd());
Project.0002,Project's target framework(s) needs to be changed,Active,Mandatory,1,src\RevolutionaryStuff.Data.JsonStore.Cosmos\RevolutionaryStuff.Data.JsonStore.Cosmos.csproj,File,src\RevolutionaryStuff.Data.JsonStore.Cosmos\RevolutionaryStuff.Data.JsonStore.Cosmos.csproj,,,,,,,,Current target framework: net9.0 Recommended target framework: net10.0
Api.0002,Source incompatible for selected .NET version,Active,Potential,1,src\RevolutionaryStuff.Data.JsonStore.Cosmos\RevolutionaryStuff.Data.JsonStore.Cosmos.csproj,File,src\RevolutionaryStuff.Data.JsonStore.Cosmos\Services\CosmosJsonEntityServer\DefaultCosmosJsonEntityServer.cs,37,8,M:System.TimeSpan.FromSeconds(System.Int64),,,,,clientOptions.MaxRetryWaitTimeOnRateLimitedRequests = TimeSpan.FromSeconds(30);
Project.0002,Project's target framework(s) needs to be changed,Active,Mandatory,1,src\RevolutionaryStuff.Data.JsonStore\RevolutionaryStuff.Data.JsonStore.csproj,File,src\RevolutionaryStuff.Data.JsonStore\RevolutionaryStuff.Data.JsonStore.csproj,,,,,,,,Current target framework: net9.0 Recommended target framework: net10.0
Api.0002,Source incompatible for selected .NET version,Active,Potential,1,src\RevolutionaryStuff.Data.JsonStore\RevolutionaryStuff.Data.JsonStore.csproj,File,src\RevolutionaryStuff.Data.JsonStore\Entities\JsonEntity.cs,261,12,T:System.IO.Hashing.NonCryptographicHashAlgorithm,,,,,hash = HashAlg.GetHashAndReset();
Api.0002,Source incompatible for selected .NET version,Active,Potential,1,src\RevolutionaryStuff.Data.JsonStore\RevolutionaryStuff.Data.JsonStore.csproj,File,src\RevolutionaryStuff.Data.JsonStore\Entities\JsonEntity.cs,261,12,M:System.IO.Hashing.NonCryptographicHashAlgorithm.GetHashAndReset,,,,,hash = HashAlg.GetHashAndReset();
Api.0002,Source incompatible for selected .NET version,Active,Potential,1,src\RevolutionaryStuff.Data.JsonStore\RevolutionaryStuff.Data.JsonStore.csproj,File,src\RevolutionaryStuff.Data.JsonStore\Entities\JsonEntity.cs,260,12,T:System.IO.Hashing.NonCryptographicHashAlgorithm,,,,,HashAlg.Append(buf);
Api.0002,Source incompatible for selected .NET version,Active,Potential,1,src\RevolutionaryStuff.Data.JsonStore\RevolutionaryStuff.Data.JsonStore.csproj,File,src\RevolutionaryStuff.Data.JsonStore\Entities\JsonEntity.cs,260,12,M:System.IO.Hashing.NonCryptographicHashAlgorithm.Append(System.Byte[]),,,,,HashAlg.Append(buf);
Api.0002,Source incompatible for selected .NET version,Active,Potential,1,src\RevolutionaryStuff.Data.JsonStore\RevolutionaryStuff.Data.JsonStore.csproj,File,src\RevolutionaryStuff.Data.JsonStore\Entities\JsonEntity.cs,259,12,T:System.IO.Hashing.NonCryptographicHashAlgorithm,,,,,HashAlg.Reset();
Api.0002,Source incompatible for selected .NET version,Active,Potential,1,src\RevolutionaryStuff.Data.JsonStore\RevolutionaryStuff.Data.JsonStore.csproj,File,src\RevolutionaryStuff.Data.JsonStore\Entities\JsonEntity.cs,259,12,M:System.IO.Hashing.NonCryptographicHashAlgorithm.Reset,,,,,HashAlg.Reset();
Api.0002,Source incompatible for selected .NET version,Active,Potential,1,src\RevolutionaryStuff.Data.JsonStore\RevolutionaryStuff.Data.JsonStore.csproj,File,src\RevolutionaryStuff.Data.JsonStore\Entities\JsonEntity.cs,257,8,T:System.IO.Hashing.NonCryptographicHashAlgorithm,,,,,lock (HashAlg)          {              HashAlg.Reset();              HashAlg.Append(buf);              hash = HashAlg.GetHashAndReset();          }
Api.0002,Source incompatible for selected .NET version,Active,Potential,1,src\RevolutionaryStuff.Data.JsonStore\RevolutionaryStuff.Data.JsonStore.csproj,File,src\RevolutionaryStuff.Data.JsonStore\Entities\JsonEntity.cs,246,58,T:System.IO.Hashing.NonCryptographicHashAlgorithm,,,,,HashAlg = new XxHash64(Stuff.Random.NextInt64())
NuGet.0002,NuGet package upgrade is recommended,Active,Potential,1,src\RevolutionaryStuff.Data.SqlAzure\RevolutionaryStuff.Data.SqlAzure.csproj,File,src\RevolutionaryStuff.Data.SqlAzure\RevolutionaryStuff.Data.SqlAzure.csproj,,,Microsoft.EntityFrameworkCore.SqlServer 9.0.9,,,,,"Microsoft.EntityFrameworkCore.SqlServer, 9.0.9  Recommendation:  Remove Microsoft.EntityFrameworkCore.SqlServer, and replace with new package Microsoft.EntityFrameworkCore.SqlServer 10.0.2"
Project.0002,Project's target framework(s) needs to be changed,Active,Mandatory,1,src\RevolutionaryStuff.Data.SqlAzure\RevolutionaryStuff.Data.SqlAzure.csproj,File,src\RevolutionaryStuff.Data.SqlAzure\RevolutionaryStuff.Data.SqlAzure.csproj,,,,,,,,Current target framework: net9.0 Recommended target framework: net10.0
Project.0002,Project's target framework(s) needs to be changed,Active,Mandatory,1,src\RevolutionaryStuff.SqlServer\RevolutionaryStuff.Data.SqlServer.csproj,File,src\RevolutionaryStuff.SqlServer\RevolutionaryStuff.Data.SqlServer.csproj,,,,,,,,Current target framework: net9.0 Recommended target framework: net10.0
Project.0002,Project's target framework(s) needs to be changed,Active,Mandatory,1,src\RevolutionaryStuff.Storage\RevolutionaryStuff.Storage.csproj,File,src\RevolutionaryStuff.Storage\RevolutionaryStuff.Storage.csproj,,,,,,,,Current target framework: net9.0 Recommended target framework: net10.0
Api.0002,Source incompatible for selected .NET version,Active,Potential,1,src\RevolutionaryStuff.Storage\RevolutionaryStuff.Storage.csproj,File,src\RevolutionaryStuff.Storage\ExternalAccessSettings.cs,8,24,M:System.TimeSpan.FromHours(System.Int32),,,,,TimeSpan.FromHours(1)
Project.0002,Project's target framework(s) needs to be changed,Active,Mandatory,1,src\RevolutionaryStuff.Storage.Providers.Azure.Blob\RevolutionaryStuff.Storage.Providers.Azure.Blob.csproj,File,src\RevolutionaryStuff.Storage.Providers.Azure.Blob\RevolutionaryStuff.Storage.Providers.Azure.Blob.csproj,,,,,,,,Current target framework: net9.0 Recommended target framework: net10.0
Api.0003,Behavioral change in selected .NET version,Active,Potential,1,src\RevolutionaryStuff.Storage.Providers.Azure.Blob\RevolutionaryStuff.Storage.Providers.Azure.Blob.csproj,File,src\RevolutionaryStuff.Storage.Providers.Azure.Blob\FileEntry.cs,129,8,T:System.Uri,,,,,"var u = new Uri($""{Client.Uri}?{qp}"");"
Api.0003,Behavioral change in selected .NET version,Active,Potential,1,src\RevolutionaryStuff.Storage.Providers.Azure.Blob\RevolutionaryStuff.Storage.Providers.Azure.Blob.csproj,File,src\RevolutionaryStuff.Storage.Providers.Azure.Blob\FileEntry.cs,129,8,T:System.Uri,,,,,"var u = new Uri($""{Client.Uri}?{qp}"");"
Api.0003,Behavioral change in selected .NET version,Active,Potential,1,src\RevolutionaryStuff.Storage.Providers.Azure.Blob\RevolutionaryStuff.Storage.Providers.Azure.Blob.csproj,File,src\RevolutionaryStuff.Storage.Providers.Azure.Blob\FileEntry.cs,129,8,M:System.Uri.#ctor(System.String),,,,,"var u = new Uri($""{Client.Uri}?{qp}"");"
Api.0003,Behavioral change in selected .NET version,Active,Potential,1,src\RevolutionaryStuff.Storage.Providers.Azure.Blob\RevolutionaryStuff.Storage.Providers.Azure.Blob.csproj,File,src\RevolutionaryStuff.Storage.Providers.Azure.Blob\FileEntry.cs,64,83,T:System.Uri,,,,,Client.Uri
Api.0003,Behavioral change in selected .NET version,Active,Potential,1,src\RevolutionaryStuff.Storage.Providers.Azure.Blob\RevolutionaryStuff.Storage.Providers.Azure.Blob.csproj,File,src\RevolutionaryStuff.Storage.Providers.Azure.Blob\AzureBlobStorageProvider.cs,92,4,T:System.Uri,,,,,internal DataLakeDirectoryClient CreateDataLakeDirectoryClient(Uri u)
Api.0003,Behavioral change in selected .NET version,Active,Potential,1,src\RevolutionaryStuff.Storage.Providers.Azure.Blob\RevolutionaryStuff.Storage.Providers.Azure.Blob.csproj,File,src\RevolutionaryStuff.Storage.Providers.Azure.Blob\AzureBlobStorageProvider.cs,87,12,T:System.Uri,,,,,"DfsClientUrl = new Uri($""https://{ContainerClient.AccountName}.dfs.core.windows.net/{config.ContainerName}"");"
Api.0003,Behavioral change in selected .NET version,Active,Potential,1,src\RevolutionaryStuff.Storage.Providers.Azure.Blob\RevolutionaryStuff.Storage.Providers.Azure.Blob.csproj,File,src\RevolutionaryStuff.Storage.Providers.Azure.Blob\AzureBlobStorageProvider.cs,87,12,M:System.Uri.#ctor(System.String),,,,,"DfsClientUrl = new Uri($""https://{ContainerClient.AccountName}.dfs.core.windows.net/{config.ContainerName}"");"
Api.0003,Behavioral change in selected .NET version,Active,Potential,1,src\RevolutionaryStuff.Storage.Providers.Azure.Blob\RevolutionaryStuff.Storage.Providers.Azure.Blob.csproj,File,src\RevolutionaryStuff.Storage.Providers.Azure.Blob\AzureBlobStorageProvider.cs,87,12,T:System.Uri,,,,,"DfsClientUrl = new Uri($""https://{ContainerClient.AccountName}.dfs.core.windows.net/{config.ContainerName}"");"
Api.0003,Behavioral change in selected .NET version,Active,Potential,1,src\RevolutionaryStuff.Storage.Providers.Azure.Blob\RevolutionaryStuff.Storage.Providers.Azure.Blob.csproj,File,src\RevolutionaryStuff.Storage.Providers.Azure.Blob\AzureBlobStorageProvider.cs,84,8,T:System.Uri,,,,,BlobClientUrl = ContainerClient.Uri;
Api.0003,Behavioral change in selected .NET version,Active,Potential,1,src\RevolutionaryStuff.Storage.Providers.Azure.Blob\RevolutionaryStuff.Storage.Providers.Azure.Blob.csproj,File,src\RevolutionaryStuff.Storage.Providers.Azure.Blob\AzureBlobStorageProvider.cs,84,8,T:System.Uri,,,,,BlobClientUrl = ContainerClient.Uri;
Api.0003,Behavioral change in selected .NET version,Active,Potential,1,src\RevolutionaryStuff.Storage.Providers.Azure.Blob\RevolutionaryStuff.Storage.Providers.Azure.Blob.csproj,File,src\RevolutionaryStuff.Storage.Providers.Azure.Blob\AzureBlobStorageProvider.cs,71,12,T:System.Uri,,,,,"ServiceClient = new BlobServiceClient(new Uri(connectionString), TokenCredential);"
Api.0003,Behavioral change in selected .NET version,Active,Potential,1,src\RevolutionaryStuff.Storage.Providers.Azure.Blob\RevolutionaryStuff.Storage.Providers.Azure.Blob.csproj,File,src\RevolutionaryStuff.Storage.Providers.Azure.Blob\AzureBlobStorageProvider.cs,71,12,M:System.Uri.#ctor(System.String),,,,,"ServiceClient = new BlobServiceClient(new Uri(connectionString), TokenCredential);"
Api.0003,Behavioral change in selected .NET version,Active,Potential,1,src\RevolutionaryStuff.Storage.Providers.Azure.Blob\RevolutionaryStuff.Storage.Providers.Azure.Blob.csproj,File,src\RevolutionaryStuff.Storage.Providers.Azure.Blob\AzureBlobStorageProvider.cs,24,26,T:System.Uri,,,,,DfsClientUrl
Api.0003,Behavioral change in selected .NET version,Active,Potential,1,src\RevolutionaryStuff.Storage.Providers.Azure.Blob\RevolutionaryStuff.Storage.Providers.Azure.Blob.csproj,File,src\RevolutionaryStuff.Storage.Providers.Azure.Blob\AzureBlobStorageProvider.cs,23,26,T:System.Uri,,,,,BlobClientUrl
Api.0003,Behavioral change in selected .NET version,Active,Potential,1,src\RevolutionaryStuff.Storage.Providers.Azure.Blob\RevolutionaryStuff.Storage.Providers.Azure.Blob.csproj,File,src\RevolutionaryStuff.Storage.Providers.Azure.Blob\AzureBlobStorageProvider.cs,87,12,T:System.Uri,,,,,"DfsClientUrl = new Uri($""https://{ContainerClient.AccountName}.dfs.core.windows.net/{config.ContainerName}"");"
Api.0003,Behavioral change in selected .NET version,Active,Potential,1,src\RevolutionaryStuff.Storage.Providers.Azure.Blob\RevolutionaryStuff.Storage.Providers.Azure.Blob.csproj,File,src\RevolutionaryStuff.Storage.Providers.Azure.Blob\AzureBlobStorageProvider.cs,87,12,M:System.Uri.#ctor(System.String),,,,,"DfsClientUrl = new Uri($""https://{ContainerClient.AccountName}.dfs.core.windows.net/{config.ContainerName}"");"
Api.0003,Behavioral change in selected .NET version,Active,Potential,1,src\RevolutionaryStuff.Storage.Providers.Azure.Blob\RevolutionaryStuff.Storage.Providers.Azure.Blob.csproj,File,src\RevolutionaryStuff.Storage.Providers.Azure.Blob\AzureBlobStorageProvider.cs,87,12,T:System.Uri,,,,,"DfsClientUrl = new Uri($""https://{ContainerClient.AccountName}.dfs.core.windows.net/{config.ContainerName}"");"
Api.0003,Behavioral change in selected .NET version,Active,Potential,1,src\RevolutionaryStuff.Storage.Providers.Azure.Blob\RevolutionaryStuff.Storage.Providers.Azure.Blob.csproj,File,src\RevolutionaryStuff.Storage.Providers.Azure.Blob\AzureBlobStorageProvider.cs,84,8,T:System.Uri,,,,,BlobClientUrl = ContainerClient.Uri;
Api.0003,Behavioral change in selected .NET version,Active,Potential,1,src\RevolutionaryStuff.Storage.Providers.Azure.Blob\RevolutionaryStuff.Storage.Providers.Azure.Blob.csproj,File,src\RevolutionaryStuff.Storage.Providers.Azure.Blob\AzureBlobStorageProvider.cs,84,8,T:System.Uri,,,,,BlobClientUrl = ContainerClient.Uri;
Api.0003,Behavioral change in selected .NET version,Active,Potential,1,src\RevolutionaryStuff.Storage.Providers.Azure.Blob\RevolutionaryStuff.Storage.Providers.Azure.Blob.csproj,File,src\RevolutionaryStuff.Storage.Providers.Azure.Blob\AzureBlobStorageProvider.cs,71,12,T:System.Uri,,,,,"ServiceClient = new BlobServiceClient(new Uri(connectionString), TokenCredential);"
Api.0003,Behavioral change in selected .NET version,Active,Potential,1,src\RevolutionaryStuff.Storage.Providers.Azure.Blob\RevolutionaryStuff.Storage.Providers.Azure.Blob.csproj,File,src\RevolutionaryStuff.Storage.Providers.Azure.Blob\AzureBlobStorageProvider.cs,71,12,M:System.Uri.#ctor(System.String),,,,,"ServiceClient = new BlobServiceClient(new Uri(connectionString), TokenCredential);"
Api.0003,Behavioral change in selected .NET version,Active,Potential,1,src\RevolutionaryStuff.Storage.Providers.Azure.Blob\RevolutionaryStuff.Storage.Providers.Azure.Blob.csproj,File,src\RevolutionaryStuff.Storage.Providers.Azure.Blob\AzureStorageAuthenticationHelper.cs,110,4,T:System.Uri,,,,,"private static string GetCanonicalizedResource(Uri address, string storageAccountName)"
Api.0003,Behavioral change in selected .NET version,Active,Potential,1,src\RevolutionaryStuff.Storage.Providers.Azure.Blob\RevolutionaryStuff.Storage.Providers.Azure.Blob.csproj,File,src\RevolutionaryStuff.Storage.Providers.Azure.Blob\AzureStorageAuthenticationHelper.cs,113,8,P:System.Uri.AbsolutePath,,,,,"var sb = new StringBuilder(""/"").Append(storageAccountName).Append(address.AbsolutePath);"
Api.0003,Behavioral change in selected .NET version,Active,Potential,1,src\RevolutionaryStuff.Storage.Providers.Azure.Blob\RevolutionaryStuff.Storage.Providers.Azure.Blob.csproj,File,src\RevolutionaryStuff.Storage.Providers.Azure.Blob\AzureStorageAuthenticationHelper.cs,39,8,T:System.Uri,,,,,"var MessageSignature = string.Format(""{0}\n\n\n{1}\n{5}\n\n\n\n{2}\n\n\n\n{3}{4}"",                    method.ToString(),                    contentLength,                    ifMatch,                    GetCanonicalizedHeaders(httpRequestMessage),                    GetCanonicalizedResource(httpRequestMessage.RequestUri, storageAccountName),                    md5);"
Api.0002,Source incompatible for selected .NET version,Active,Potential,1,src\RevolutionaryStuff.Storage.Providers.Azure.Blob\RevolutionaryStuff.Storage.Providers.Azure.Blob.csproj,File,src\RevolutionaryStuff.Storage.Providers.Azure.Blob\AzureStorageAuthenticationHelper.cs,39,8,"M:System.String.Format(System.String,System.ReadOnlySpan{System.Object})",,,,,"var MessageSignature = string.Format(""{0}\n\n\n{1}\n{5}\n\n\n\n{2}\n\n\n\n{3}{4}"",                    method.ToString(),                    contentLength,                    ifMatch,                    GetCanonicalizedHeaders(httpRequestMessage),                    GetCanonicalizedResource(httpRequestMessage.RequestUri, storageAccountName),                    md5);"
Api.0003,Behavioral change in selected .NET version,Active,Potential,1,src\RevolutionaryStuff.Storage.Providers.Azure.Blob\RevolutionaryStuff.Storage.Providers.Azure.Blob.csproj,File,src\RevolutionaryStuff.Storage.Providers.Azure.Blob\AzureStorageAuthenticationHelper.cs,36,8,T:System.Net.Http.HttpContent,,,,,var contentLength = method == HttpMethod.Get || method == HttpMethod.Head || httpRequestMessage.Content == null              ? string.Empty              : httpRequestMessage.Content.Headers.ContentLength.ToString();
Api.0003,Behavioral change in selected .NET version,Active,Potential,1,src\RevolutionaryStuff.Storage.Providers.Azure.Blob\RevolutionaryStuff.Storage.Providers.Azure.Blob.csproj,File,src\RevolutionaryStuff.Storage.Providers.Azure.Blob\AzureStorageAuthenticationHelper.cs,36,8,T:System.Net.Http.HttpContent,,,,,var contentLength = method == HttpMethod.Get || method == HttpMethod.Head || httpRequestMessage.Content == null              ? string.Empty              : httpRequestMessage.Content.Headers.ContentLength.ToString();
Api.0003,Behavioral change in selected .NET version,Active,Potential,1,src\RevolutionaryStuff.Storage.Providers.Azure.Blob\RevolutionaryStuff.Storage.Providers.Azure.Blob.csproj,File,src\RevolutionaryStuff.Storage.Providers.Azure.Blob\FolderEntry.cs,170,12,T:System.Uri,,,,,"var u = new Uri($""{StorageProvider.DfsClientUrl}/{targetPath}"");"
Api.0003,Behavioral change in selected .NET version,Active,Potential,1,src\RevolutionaryStuff.Storage.Providers.Azure.Blob\RevolutionaryStuff.Storage.Providers.Azure.Blob.csproj,File,src\RevolutionaryStuff.Storage.Providers.Azure.Blob\FolderEntry.cs,170,12,T:System.Uri,,,,,"var u = new Uri($""{StorageProvider.DfsClientUrl}/{targetPath}"");"
Api.0003,Behavioral change in selected .NET version,Active,Potential,1,src\RevolutionaryStuff.Storage.Providers.Azure.Blob\RevolutionaryStuff.Storage.Providers.Azure.Blob.csproj,File,src\RevolutionaryStuff.Storage.Providers.Azure.Blob\FolderEntry.cs,170,12,M:System.Uri.#ctor(System.String),,,,,"var u = new Uri($""{StorageProvider.DfsClientUrl}/{targetPath}"");"
Api.0003,Behavioral change in selected .NET version,Active,Potential,1,src\RevolutionaryStuff.Storage.Providers.Azure.Blob\RevolutionaryStuff.Storage.Providers.Azure.Blob.csproj,File,src\RevolutionaryStuff.Storage.Providers.Azure.Blob\FolderEntry.cs,168,8,T:System.Uri,,,,,"if (StorageProvider.DfsClientUrl != null)          {              var u = new Uri($""{StorageProvider.DfsClientUrl}/{targetPath}"");              var directoryClient = StorageProvider.CreateDataLakeDirectoryClient(u);              if ((await directoryClient.ExistsAsync()).Value)              {                  var props = (await directoryClient.GetPropertiesAsync()).Value;                  if (props.Metadata.TryGetValue(MetadataFieldNames.IsFolder, out var sv) && Parse.ParseBool(sv))                  {                      var folder = new FolderEntry(StorageProvider, targetPath);                      return folder;                  }              }          }"
Api.0003,Behavioral change in selected .NET version,Active,Potential,1,src\RevolutionaryStuff.Storage.Providers.Azure.Blob\RevolutionaryStuff.Storage.Providers.Azure.Blob.csproj,File,src\RevolutionaryStuff.Storage.Providers.Azure.Blob\FolderEntry.cs,146,12,T:System.Uri,,,,,"var u = new Uri($""{StorageProvider.DfsClientUrl}/{targetPath}"");"
Api.0003,Behavioral change in selected .NET version,Active,Potential,1,src\RevolutionaryStuff.Storage.Providers.Azure.Blob\RevolutionaryStuff.Storage.Providers.Azure.Blob.csproj,File,src\RevolutionaryStuff.Storage.Providers.Azure.Blob\FolderEntry.cs,146,12,T:System.Uri,,,,,"var u = new Uri($""{StorageProvider.DfsClientUrl}/{targetPath}"");"
Api.0003,Behavioral change in selected .NET version,Active,Potential,1,src\RevolutionaryStuff.Storage.Providers.Azure.Blob\RevolutionaryStuff.Storage.Providers.Azure.Blob.csproj,File,src\RevolutionaryStuff.Storage.Providers.Azure.Blob\FolderEntry.cs,146,12,M:System.Uri.#ctor(System.String),,,,,"var u = new Uri($""{StorageProvider.DfsClientUrl}/{targetPath}"");"
Api.0003,Behavioral change in selected .NET version,Active,Potential,1,src\RevolutionaryStuff.Storage.Providers.Azure.Blob\RevolutionaryStuff.Storage.Providers.Azure.Blob.csproj,File,src\RevolutionaryStuff.Storage.Providers.Azure.Blob\FolderEntry.cs,144,8,T:System.Uri,,,,,"if (StorageProvider.DfsClientUrl != null)          {              var u = new Uri($""{StorageProvider.DfsClientUrl}/{targetPath}"");              var client = StorageProvider.CreateDataLakeDirectoryClient(u);              return client.DeleteAsync();          }          else          {              throw new NotSupportedException($""Must have enabled {nameof(AzureBlobStorageProvider.Config.IsHierarchical)} in the config"");          }"
Api.0003,Behavioral change in selected .NET version,Active,Potential,1,src\RevolutionaryStuff.Storage.Providers.Azure.Blob\RevolutionaryStuff.Storage.Providers.Azure.Blob.csproj,File,src\RevolutionaryStuff.Storage.Providers.Azure.Blob\FolderEntry.cs,124,16,T:System.Uri,,,,,"var u = new Uri($""{StorageProvider.DfsClientUrl}/{targetPath}"");"
Api.0003,Behavioral change in selected .NET version,Active,Potential,1,src\RevolutionaryStuff.Storage.Providers.Azure.Blob\RevolutionaryStuff.Storage.Providers.Azure.Blob.csproj,File,src\RevolutionaryStuff.Storage.Providers.Azure.Blob\FolderEntry.cs,124,16,T:System.Uri,,,,,"var u = new Uri($""{StorageProvider.DfsClientUrl}/{targetPath}"");"
Api.0003,Behavioral change in selected .NET version,Active,Potential,1,src\RevolutionaryStuff.Storage.Providers.Azure.Blob\RevolutionaryStuff.Storage.Providers.Azure.Blob.csproj,File,src\RevolutionaryStuff.Storage.Providers.Azure.Blob\FolderEntry.cs,124,16,M:System.Uri.#ctor(System.String),,,,,"var u = new Uri($""{StorageProvider.DfsClientUrl}/{targetPath}"");"
Api.0003,Behavioral change in selected .NET version,Active,Potential,1,src\RevolutionaryStuff.Storage.Providers.Azure.Blob\RevolutionaryStuff.Storage.Providers.Azure.Blob.csproj,File,src\RevolutionaryStuff.Storage.Providers.Azure.Blob\FolderEntry.cs,120,8,T:System.Uri,,,,,"if (StorageProvider.DfsClientUrl != null)          {              try              {                  var u = new Uri($""{StorageProvider.DfsClientUrl}/{targetPath}"");                  var client = StorageProvider.CreateDataLakeDirectoryClient(u);                  await client.CreateAsync();              }              catch (Exception ex)              {                  System.Diagnostics.Debug.WriteLine(ex);              }          }"
Api.0003,Behavioral change in selected .NET version,Active,Potential,1,src\RevolutionaryStuff.Storage.Providers.Azure.Blob\RevolutionaryStuff.Storage.Providers.Azure.Blob.csproj,File,src\RevolutionaryStuff.Storage.Providers.Azure.Blob\AzureRestHelpers.cs,65,4,T:System.Net.Http.HttpContent,,,,,"public async Task PutAsync(Uri resourceUrl, IDictionary<string, string> kvps = null, HttpContent content = null)"
Api.0003,Behavioral change in selected .NET version,Active,Potential,1,src\RevolutionaryStuff.Storage.Providers.Azure.Blob\RevolutionaryStuff.Storage.Providers.Azure.Blob.csproj,File,src\RevolutionaryStuff.Storage.Providers.Azure.Blob\AzureRestHelpers.cs,65,4,T:System.Uri,,,,,"public async Task PutAsync(Uri resourceUrl, IDictionary<string, string> kvps = null, HttpContent content = null)"
Api.0003,Behavioral change in selected .NET version,Active,Potential,1,src\RevolutionaryStuff.Storage.Providers.Azure.Blob\RevolutionaryStuff.Storage.Providers.Azure.Blob.csproj,File,src\RevolutionaryStuff.Storage.Providers.Azure.Blob\AzureRestHelpers.cs,83,8,T:System.Net.Http.HttpContent,,,,,m.Content = content;
Api.0003,Behavioral change in selected .NET version,Active,Potential,1,src\RevolutionaryStuff.Storage.Providers.Azure.Blob\RevolutionaryStuff.Storage.Providers.Azure.Blob.csproj,File,src\RevolutionaryStuff.Storage.Providers.Azure.Blob\AzureRestHelpers.cs,50,4,T:System.Uri,,,,,"public Task RenameAsync(Uri sourceAbsoluteUrl, Uri destinationAbsoluteUrl, IDictionary<string, string> kvps, long? itemSize = null)"
Api.0003,Behavioral change in selected .NET version,Active,Potential,1,src\RevolutionaryStuff.Storage.Providers.Azure.Blob\RevolutionaryStuff.Storage.Providers.Azure.Blob.csproj,File,src\RevolutionaryStuff.Storage.Providers.Azure.Blob\AzureRestHelpers.cs,50,4,T:System.Uri,,,,,"public Task RenameAsync(Uri sourceAbsoluteUrl, Uri destinationAbsoluteUrl, IDictionary<string, string> kvps, long? itemSize = null)"
Api.0003,Behavioral change in selected .NET version,Active,Potential,1,src\RevolutionaryStuff.Storage.Providers.Azure.Blob\RevolutionaryStuff.Storage.Providers.Azure.Blob.csproj,File,src\RevolutionaryStuff.Storage.Providers.Azure.Blob\AzureRestHelpers.cs,11,4,T:System.Uri,,,,,"public static async Task RenameAsync(string accountName, string base64credentials, Uri sourceAbsoluteUrl, Uri destinationAbsoluteUrl, IDictionary<string, string> kvps, long? itemSize = null)"
Api.0003,Behavioral change in selected .NET version,Active,Potential,1,src\RevolutionaryStuff.Storage.Providers.Azure.Blob\RevolutionaryStuff.Storage.Providers.Azure.Blob.csproj,File,src\RevolutionaryStuff.Storage.Providers.Azure.Blob\AzureRestHelpers.cs,11,4,T:System.Uri,,,,,"public static async Task RenameAsync(string accountName, string base64credentials, Uri sourceAbsoluteUrl, Uri destinationAbsoluteUrl, IDictionary<string, string> kvps, long? itemSize = null)"
Project.0002,Project's target framework(s) needs to be changed,Active,Mandatory,1,src\RevolutionaryStuff.Storage.Providers.LocalFileSystem\RevolutionaryStuff.Storage.Providers.LocalFileSystem.csproj,File,src\RevolutionaryStuff.Storage.Providers.LocalFileSystem\RevolutionaryStuff.Storage.Providers.LocalFileSystem.csproj,,,,,,,,Current target framework: net9.0 Recommended target framework: net10.0
Api.0003,Behavioral change in selected .NET version,Active,Potential,1,src\RevolutionaryStuff.Storage.Providers.LocalFileSystem\RevolutionaryStuff.Storage.Providers.LocalFileSystem.csproj,File,src\RevolutionaryStuff.Storage.Providers.LocalFileSystem\PhysicalStorageProvider.cs,35,8,P:System.Environment.OSVersion,,,,,CaseSensitive = config.CaseSensitive.GetValueOrDefault(Environment.OSVersion.Platform == PlatformID.Win32NT);
Api.0003,Behavioral change in selected .NET version,Active,Potential,1,src\RevolutionaryStuff.Storage.Providers.LocalFileSystem\RevolutionaryStuff.Storage.Providers.LocalFileSystem.csproj,File,src\RevolutionaryStuff.Storage.Providers.LocalFileSystem\PhysicalStorageProvider.cs,35,8,P:System.Environment.OSVersion,,,,,CaseSensitive = config.CaseSensitive.GetValueOrDefault(Environment.OSVersion.Platform == PlatformID.Win32NT);
